,title,desc,url,source,date,sentiment,confidence
0,The Nasdaq's fallen into a correction – what investors should consider,The Nasdaq is down — but investors should focus on quality companies in the tech heavy index.,https://finance.yahoo.com/news/the-nasdaqs-fallen-into-a-correction--what-investors-should-consider-123057423.html,Yahoo Finance,2023-10-29,negative,0.873950183391571
1,3 No-Brainer Vanguard ETFs to Buy Now,"Exchange-traded funds, or ETFs for short, can be wonderful investing vehicles. ETFs are cost and tax-efficient, trade-like individual stocks, and can provide instant diversification across a wide swath of the broader market, or within a specific theme.",https://finance.yahoo.com/m/86625db8-4e2b-3182-a363-614416c1111e/3-no-brainer-vanguard-etfs-to.html,Motley Fool,2023-10-29,neutral,0.8995693325996399
2,"If You Had Invested $10,000 in Apple When the iPhone Came Out, This Is How Much You Would Have Today","There's no question that Apple's (NASDAQ: AAPL) iPhone has changed the world.  The device, which was the first touchscreen-based smartphone, ushered in the mobile computing era.  From a business perspective, the iPhone is one of the most successful products in history, and 16 years later, it still underpins Apple's tech empire today.",https://finance.yahoo.com/m/25122c9b-e9d9-3037-9e9a-3e2acb043cd5/if-you-had-invested-10-000.html,Motley Fool,2023-10-29,neutral,0.8654642105102539
3,"Big Bank Bought Up Apple, Tesla, AT&T, and Microsoft Stock","The Czech National Bank raised its investments in shares of Apple, Tesla, AT&T, and Microsoft by about 50% in the third quarter.",https://finance.yahoo.com/m/cb354b51-f1fc-3a07-8bd4-bfbe4a9aa031/big-bank-bought-up-apple-.html,Barrons.com,2023-10-29,positive,0.9288312792778015
4,"Dow Jones Futures: Apple, Fed Loom For Market Correction; Microsoft Leads Stocks To Watch","The market correction has intensified, with Apple earnings and a Fed meeting on tap. Microsoft leads four big techs with these bullish traits.",https://finance.yahoo.com/m/21852c5b-4482-359c-a629-228906af0792/dow-jones-futures-apple-fed.html,Investor's Business Daily,2023-10-29,neutral,0.5893914699554443
5,I Can Hear You Fine. Is It Rude That I’m Still Wearing AirPods?,"Apple  latest AirPods Pro and some other high-end earbuds can detect when you start speaking.  The music fades and outside voices come through so you can hear the conversation without fiddling with controls or ripping out the tiny earpieces.  The latest software update for second-generation AirPods Pro includes the speech-detection feature, which Apple calls Conversation Awareness.",https://finance.yahoo.com/m/3bb2d8f9-655b-39f0-aa25-b5a20ed51519/i-can-hear-you-fine-is-it.html,The Wall Street Journal,2023-10-29,neutral,0.9275237321853638
6,Top 5 things to watch in markets in the week ahead,"Investing.com -- It’s going to be a very busy week for investors, with a Federal Reserve meeting, the latest U.S. jobs report and earnings from technology heavyweight Apple that could set the direction for stocks and bonds the rest of the year. Here’s what you need to know to start your week.",https://finance.yahoo.com/news/top-5-things-watch-markets-060956681.html,Investing.com,2023-10-29,neutral,0.9086800217628479
7,Hold onto your hats because it's going to be a very big Fed week,"Markets will gyrate right up until the Fed announces its interest-rate decision. But don't forget: Apple reports quarterly results on Thursday, and a big jobs report lands on Friday.",https://finance.yahoo.com/m/58523a80-71e4-3e7a-9877-db76cf9b548a/hold-onto-your-hats-because.html,TheStreet.com,2023-10-29,neutral,0.8239695429801941
8,Goodbye Green Bubbles: The Android User’s Survival Guide in an Apple World,"Missing out on iMessage group chats and other Apple perks, Android users are finding workarounds such as chat service Sunbird.",https://finance.yahoo.com/m/8b5b4b40-e5c4-3330-96b5-178fa2f493f9/goodbye-green-bubbles-the.html,The Wall Street Journal,2023-10-29,neutral,0.7369042038917542
9,Tech Earnings Were Strong. Why Stocks Slipped Into a Correction Anyway.,"Generative AI is a high-stakes, no-limit poker game that requires not just capital but also labor—mainly costly coders.",https://finance.yahoo.com/m/10db3785-4565-3c26-a5ea-c2e5905db8b0/tech-earnings-were-strong-.html,Barrons.com,2023-10-29,neutral,0.7662603259086609
10,"1 Magnificent Stock on Its Way to Join Apple, Microsoft, Amazon, Alphabet, and Nvidia in the $1 Trillion Club","Apple was the first company ever to achieve a $1 trillion valuation in 2018, and it was recently worth as much as $3 trillion.  One of those missteps was a relentless focus on virtual reality and the metaverse, despite the projects generating little revenue and burning tens of billions of dollars in cash.",https://finance.yahoo.com/m/6b1c1cd5-973a-33d3-b77e-bdab04df7a00/1-magnificent-stock-on-its.html,Motley Fool,2023-10-29,negative,0.7836629748344421
11,Can Apple Stock Double in 5 Years? Here's What It Would Take.,"In the last five years, shares of Apple (NASDAQ: AAPL) have more than tripled.  Key to this outperformance has been strong financial performance, but investors care about what the future holds, not necessarily what past returns looked like.  Between fiscal 2017 and fiscal 2022 (ended Sept. 24, 2022), Apple saw its revenue and diluted earnings per share (EPS) rise at compound annual rates of 11.5% and 21.6%, respectively.",https://finance.yahoo.com/m/032e72cf-1e3e-3324-a6d6-9fb1e757ec0d/can-apple-stock-double-in-5.html,Motley Fool,2023-10-28,positive,0.9476168155670166
12,15 Best Laptops in 2023 For Students or Home Use,"In this article, we will take a look at the 15 best laptops in 2023 for students or home use. If you want to skip our detailed analysis of the laptop industry, you can go directly to the 5 Best Laptops in 2023 For Students or Home Use. The Laptop Industry: At a Glance According […]",https://finance.yahoo.com/news/15-best-laptops-2023-students-101838771.html,Insider Monkey,2023-10-28,neutral,0.9412462711334229
13,Apple Picked the World’s Unlikeliest Voice to Sell the iPhone,The company’s latest marketing campaign needed a song. It came from a throat-singing rock star in Siberia.,https://finance.yahoo.com/m/a11b6bc3-9024-39e2-8426-b516abc07968/apple-picked-the-world%E2%80%99s.html,The Wall Street Journal,2023-10-28,neutral,0.9025903344154358
14,"Netflix, Apple TV+ and Amazon Prime Video Hike Prices By Up to 40%","By turning to advertising revenue, streaming giants look increasingly like cable TVs.",https://finance.yahoo.com/news/netflix-apple-tv-amazon-prime-005349200.html,Observer,2023-10-28,neutral,0.6059059500694275
15,Weekly Roundup,We made several ratings changes -- including an upgrade for Microsoft and Alphabet -- and a couple trades.,https://finance.yahoo.com/m/cc156796-45bd-349c-b721-687fc6b01ed5/weekly-roundup.html,TheStreet.com,2023-10-28,neutral,0.8076887726783752
16,"Google claims it doesn’t have a monopoly over search, but pays $26 billion to Apple and others for default status, bombshell testimony reveals","The staggering figure from 2021 was revealed during the Google antitrust case on Friday, despite the company's objections.",https://finance.yahoo.com/news/google-claims-doesn-t-monopoly-220514758.html,Fortune,2023-10-28,neutral,0.7208641171455383
17,"Apple, Fed Meeting, Caterpillar, Jobs Report: Investing Action Plan","As the market rolls out of October, Apple and Caterpillar, a Fed meeting and October payrolls set the tone for the coming week.",https://finance.yahoo.com/m/d065d500-8fc7-3dbb-acf4-38f1f1e42056/apple-fed-meeting-.html,Investor's Business Daily,2023-10-28,neutral,0.9189043641090393
18,"Fed decision, Apple earnings, jobs data: What to watch","The Federal Reserve's latest interest rate decision will be announced on Wednesday. Federal Reserve Chairman Jerome Powell has signaled that rates will be high for longer until inflation reaches the central bank's target of 2%. Also on the economic front, the October jobs report will be released on Friday. Apple (AAPL) reports fiscal fourth quarter earnings on Thursday after the market close. Investors will be looking for more details on sales of the recently launched iPhone 15 model. Yahoo Finance's Josh Lipton breaks down the details of what to watch next week. For more expert insight and the latest market action, click here to watch this full episode of Yahoo Finance Live.",https://finance.yahoo.com/video/fed-decision-apple-earnings-jobs-214028559.html,Yahoo Finance Video,2023-10-28,neutral,0.923316478729248
19,Column: A big victory for an Orange County entrepreneur in his legal fight against Apple,"For Joe Kiani, the fight with Apple has been about more than patents. It's about standing up to tech giants that shut out smaller competitors.",https://finance.yahoo.com/news/column-big-victory-orange-county-190205693.html,LA Times,2023-10-28,neutral,0.779802680015564
20,"Apple Headlines Earnings Calendar With Chip Titan AMD, Amgen Also Set To Report",Apple stock is below its 200-day line with earnings due. Advanced Micro Devices and Amgen also report next week.,https://finance.yahoo.com/m/07f053cf-9898-3fc1-a17a-2184cd0c4fc3/apple-headlines-earnings.html,Investor's Business Daily,2023-10-28,negative,0.9609615206718445
21,The Government's Case Against Google and How AI May Be Affecting Hiring,Google's exclusive deals with Apple and how lucrative those deals were for Apple.  Motley Fool host Mary Long caught up with Motley Fool analyst Sanmeet Deo for a chat about airport security stock Clear Secure and the race to the front of the line.,https://finance.yahoo.com/m/37324e8e-a92f-3cdc-818e-9fc4d7a43733/the-government-s-case-against.html,Motley Fool,2023-10-28,neutral,0.9072064757347107
22,Apple Stock Is Struggling on iPhone Gloom. Now It Faces Another Device Headache.,Apple  stock is having a rough couple of months with doubts about demand for its new iPhone.  The mood is unlikely to be lightened by news it faces a potential ban on imports of certain models of its Apple Watch.  The U.S. International Trade Commission on Thursday found Apple (ticker: AAPL) had violated patents held by medical-technology company  Masimo  (MASI) over measuring blood-oxygen levels.,https://finance.yahoo.com/m/7390371d-08a8-3755-b8ad-c5f6a20c09b3/apple-stock-is-struggling-on.html,Barrons.com,2023-10-28,negative,0.9555090665817261
23,You may not be able to buy new Apple Watches in the U.S. soon. Here's why,"Sales of Apple's popular Apple Watch could be banned in the United States due to a ruling on Oct. 26 by the International Trade Commission.  The commission found that Apple violated the patent rights of medical technology company Masimo's light-based pulse oximetry technology, which Apple uses for blood oxygen tracking on its Apple Watches.  ""Today's ruling by the USITC sends a powerful message that even the world's largest company is not above the law,"" said Joe Kiani, chair and CEO of Masimo.",https://finance.yahoo.com/m/251c3da0-fd27-3472-b3ee-e8703cb78aad/you-may-not-be-able-to-buy.html,TheStreet.com,2023-10-27,negative,0.5432912707328796
24,"Zedge, Inc. (AMEX:ZDGE) Q4 2023 Earnings Call Transcript","Zedge, Inc. (AMEX:ZDGE) Q4 2023 Earnings Call Transcript October 26, 2023 Operator: Good afternoon and welcome to Zedge’s Earnings Conference Call for Fiscal Fourth Quarter and End of Year 2023 Results. [Operator Instructions] I will now turn the call over to Brian Siegel. Sir, you may begin. Brian Siegel: Thank you, operator. In today’s presentation, […]",https://finance.yahoo.com/news/zedge-inc-amex-zdge-q4-140725392.html,Insider Monkey,2023-10-27,neutral,0.9238282442092896
25,Apple (NASDAQ:AAPL) Seems To Use Debt Quite Sensibly,"Warren Buffett famously said, 'Volatility is far from synonymous with risk.' So it might be obvious that you need to...",https://finance.yahoo.com/news/apple-nasdaq-aapl-seems-debt-140013626.html,Simply Wall St.,2023-10-27,neutral,0.8479391932487488
26,We're Adding to Qualcomm and Universal Display Ahead of Earnings,"* We are adding to our positions in Universal Display and Qualcomm ahead of their earnings next week.  * Double-digit declines in OLED and QCOM shares have sweetened the opportunity we see here.  As the stock market flirts with correction territory, we are buying more of Action Alerts PLUS holdings Universal Display  and Qualcomm  .",https://finance.yahoo.com/m/d65f4069-cddf-383c-9a34-2dc4c7e6d72a/we-re-adding-to-qualcomm-and.html,TheStreet.com,2023-10-27,positive,0.8742708563804626
27,Q4 2023 Zedge Inc Earnings Call,Q4 2023 Zedge Inc Earnings Call,https://finance.yahoo.com/news/q4-2023-zedge-inc-earnings-131116470.html,Thomson Reuters StreetEvents,2023-10-27,neutral,0.9102668762207031
28,Tata to make iPhones in India after buying Wistron business,"Tata Group is set to start assembling Apple iPhones in India after Wistron Corp approved the sale of its Indian manufacturing unit to the salt-to-software conglomerate, a minister said on Friday.  A Tata company will start making iPhones in India for domestic and global markets, Deputy Minister for Information Technology Rajeev Chandrasekhar said on social media platform X.  The Wistron board approved the sale of Wistron InfoComm Manufacturing India Private Limited to Tata Electronics Private Limited for an estimated $125 million, according to a statement from the Taiwan-based supplier shared by the minister.",https://finance.yahoo.com/news/tata-iphones-india-buying-wistron-130317971.html,Reuters,2023-10-27,positive,0.5312312841415405
29,You Don’t Need a New iPhone. You Just Need a New Battery.,Every iPhone has a secret indicator of battery health. So why did our columnist’s iPhone 14 Pro battery deplete so much in a year?,https://finance.yahoo.com/m/cb387281-af2b-3af8-8ba3-134bd7b72ab2/you-don%E2%80%99t-need-a-new-iphone-.html,The Wall Street Journal,2023-10-27,neutral,0.7442885041236877
30,Everything Apple Plans to Launch at Oct. 30 ‘Scary Fast’ Mac Event,"(Bloomberg) -- Apple Inc.’s last product unveiling of the year kicks off on Monday, when the company is set to update a device that’s coming up on its 40th anniversary: the Mac. Most Read from BloombergIsrael Latest: Army Says It Strikes Hezbollah Targets in LebanonCanada Plans College Crackdown Amid Foreign Student TroublesIsrael Warns of ‘Long’ War as Invasion of Gaza Strip BeginsGM Hit With More Strikes While Stellantis Reaches Deal With UAWIsrael Enters ‘New Stage’ of War With Gaza Ground Fi",https://finance.yahoo.com/news/everything-apple-plans-launch-oct-110021615.html,Bloomberg,2023-10-27,neutral,0.6499279141426086
31,"Some Sunshine, and a Sunset, for the Bulls","I see a bounce is imminent, but will it repair the damaged charts? Let's look at the S&P 500, Apple, Google and Nvidia.",https://finance.yahoo.com/m/880f18f6-6ef4-388f-b310-03bce9480668/some-sunshine-and-a-sunset-.html,TheStreet.com,2023-10-27,neutral,0.8593913912773132
32,Tata to Become First India iPhone Maker as Wistron Approves Sale,"(Bloomberg) -- Tata Group is set to seal a deal to become India’s first homegrown iPhone maker, after Wistron Corp. agreed to sell a plant in the southern part of the country to the conglomerate.Most Read from BloombergIsrael Latest: Army Says It Strikes Hezbollah Targets in LebanonCanada Plans College Crackdown Amid Foreign Student TroublesIsrael Warns of ‘Long’ War as Invasion of Gaza Strip BeginsGM Hit With More Strikes While Stellantis Reaches Deal With UAWIsrael Enters ‘New Stage’ of War Wi",https://finance.yahoo.com/news/tata-become-first-india-iphone-105552034.html,Bloomberg,2023-10-27,neutral,0.5473378896713257
33,"Got $1,000? 5 Buffett Stocks to Buy and Hold Forever","Borrowing a handful of stock picks from a proven professional makes sense.  With that as the backdrop, here's a rundown of five names Buffett's Berkshire Hathaway (NYSE: BRK.A) (NYSE: BRK.B) is currently holding that would be at home in your portfolio as well.  Apple (NASDAQ: AAPL) is such a frequently suggested pick that it's almost become a cliché.",https://finance.yahoo.com/m/ea88b735-9a2c-3931-87ab-2590189b2067/got-1-000-5-buffett-stocks.html,Motley Fool,2023-10-27,neutral,0.8640018701553345
34,Is Meta Platforms Stock a Buy Now?,"Meta Platforms (NASDAQ: META) posted its third quarter earnings report on Oct. 25.  Meta's growth rates were impressive, yet its stock still slumped after the report.  Meta generated 98% of its revenue from its ads in the first nine months of 2023.",https://finance.yahoo.com/m/7de30571-8b12-3c87-972c-bf1cd69becc7/is-meta-platforms-stock-a-buy.html,Motley Fool,2023-10-27,negative,0.7136229872703552
35,"Got $1,000? Buy These Hot Growth Stocks Before They Take Off","These companies have powerful positions in tech, and you won't want to miss out on their growth potential.",https://finance.yahoo.com/m/7d314178-f4ea-3307-ba60-425e700022f4/got-1-000-buy-these-hot.html,Motley Fool,2023-10-27,neutral,0.8314341902732849
36,My iPhone Battery Went Bad in Just a Year. Here’s Why.,"Every iPhone has a hidden “Maximum Capacity"" setting to figure out the health of your battery. WSJ’s Joanna Stern investigates why her iPhone’s battery degraded so much in one year. Hint: Battery cycle counts. Photo illustration: Annie Zhao/The Wall Street Journal",https://finance.yahoo.com/video/iphone-battery-went-bad-just-093000548.html,WSJ,2023-10-27,neutral,0.7734088897705078
37,74% of Warren Buffett's $335 Billion Portfolio Is Invested in Just 5 Stocks,More than $249 billion of Berkshire Hathaway's $335 billion of invested assets can be traced back to only five brand-name stocks.,https://finance.yahoo.com/m/0ea578be-b6c1-3d07-a3ee-6f5f3f13a96a/74-of-warren-buffett-s-335.html,Motley Fool,2023-10-27,neutral,0.9440849423408508
38,Huawei’s Profit Doubles With Made-in-China Chip Breakthrough,"(Bloomberg) -- Huawei Technologies Co.’s profit more than doubled during the quarter it revealed its biggest achievement in chip technology, adding to signs the Chinese tech leader is steadying a business rocked by US sanctions. Most Read from BloombergIsrael Latest: Army Says It Strikes Hezbollah Targets in LebanonCanada Plans College Crackdown Amid Foreign Student TroublesIsrael Warns of ‘Long’ War as Invasion of Gaza Strip BeginsGM Hit With More Strikes While Stellantis Reaches Deal With UAWI",https://finance.yahoo.com/news/huawei-profit-doubles-made-china-085028187.html,Bloomberg,2023-10-27,neutral,0.3667108118534088
39,Apple Faces Potential Watch Import Ban After Federal Trade Ruling,"The U.S. International Trade Commission found that Apple violated the patent of a rival company, a ruling that could lead to an import ban for certain of its smartwatch.",https://finance.yahoo.com/m/ab64bc7a-cf5e-3393-93d3-a4825380ff3f/apple-faces-potential-watch.html,The Wall Street Journal,2023-10-27,negative,0.9411096572875977
40,UPDATE 2-US trade tribunal issues potential Apple Watch import ban in Masimo patent fight,The U.S. International Trade Commission (ITC) on Thursday issued an order that could bar Apple from importing its Apple Watches after finding the devices violate medical technology company Masimo's patent rights.  The full commission upheld a judge's ruling from January that Apple violated Masimo's rights in light-based technology for reading blood-oxygen levels.  President Joe Biden's administration will have 60 days to decide whether to veto the import ban based on policy concerns before it goes into effect.,https://finance.yahoo.com/news/1-us-trade-tribunal-issues-220143095.html,Reuters,2023-10-27,negative,0.8315224647521973
41,US trade tribunal issues potential Apple Watch import ban in Masimo patent fight,(Reuters) -The U.S. International Trade Commission (ITC) on Thursday issued an order that could bar Apple from importing its Apple Watches after finding the devices violate medical technology company Masimo's patent rights.  The full commission upheld a judge's ruling from January that Apple violated Masimo's rights in light-based technology for reading blood-oxygen levels.  President Joe Biden's administration will have 60 days to decide whether to veto the import ban based on policy concerns before it goes into effect.,https://finance.yahoo.com/news/us-trade-tribunal-issues-potential-211725944.html,Reuters,2023-10-27,negative,0.8521232604980469
42,Dow Jones Dives 252 Points As Magnificent 7 Get Hit; Meta Stock Plunges On Israel-Hamas Warning,The Dow Jones fell as Magnificent 7 names like Apple and Tesla stock dived. Meta plunged on an Israel-Hamas warning. Amazon earnings beat.,https://finance.yahoo.com/m/4d3f489c-e799-301d-b195-ec839b6f78cb/dow-jones-dives-252-points-as.html,Investor's Business Daily,2023-10-27,negative,0.9452494978904724
43,Why Apple Can’t Make iPhones Without This Chinese Company,"Apple has been trying to reduce its dependence on China as geopolitical and economic pressures mount. But the iPhone makers’ ties to Chinese manufacturer Luxshare is making that tough to do. Tokyo bureau chief Peter Landers joins host Zoe Thomas to tell us more about this company, its founder, and how it became so crucial to Apple. Plus, for the latest on the FTX trial, listen to The Journal podcast. Jakub Porzycki/Zuma Press",https://finance.yahoo.com/video/why-apple-t-iphones-without-193300612.html,WSJ,2023-10-27,neutral,0.9297642111778259
44,"'Own It, Don't Trade It' Takes a Body Blow With Apple",There are a number of market pundits that point to Apple Inc. and its secular uptrend and declare that investors need to remain owners of AAPL and not be traders of the stock. Looking back on my 50 years in the securities business I have found that dogmatic opinions are doomed to failure.,https://finance.yahoo.com/m/a010764d-9929-39f9-a999-6cff4a680d97/-own-it-don-t-trade-it-.html,TheStreet.com,2023-10-27,negative,0.5855395197868347
45,Why Is the Stock Market Down Again Today? Big Tech Isn’t  the Market’s Savior Right Now.,"Big Tech stocks were early winners this year, but they're slumping now due to a number of factors.",https://finance.yahoo.com/m/5d54abfd-29a8-3271-a4f9-675da5d1e92a/why-is-the-stock-market-down.html,Barrons.com,2023-10-27,negative,0.9611603617668152
46,Amazon and the Other 6 Big Tech Stocks Are Falling Today. That Happens More Often Than You Think.,"It’s a bad day for tech, so bad that the stocks of  Apple Nvidia Tesla  and the rest of the Magnificent Seven are sliding.  Meta Platforms  (META), down 3.3%, is leading the group lower after offering disappointing spending plans, while  Alphabet  (GOOGL), off 1.9%, continues its post-earnings slide.  Amazon.com  (AMZN) shares have dropped 1% ahead of its own release after Thursday’s close, while  Microsoft  (MSFT), Apple (AAPL), and Nvidia (NVDA), have each dropped more than 2%.",https://finance.yahoo.com/m/9fbcc24f-f732-3073-8dcb-ca672517a380/amazon-and-the-other-6-big.html,Barrons.com,2023-10-27,negative,0.9741687178611755
47,Apple's latest pay feature could send you into debt for holiday shopping ,"The tech giant officially joined the ""buy now, pay later"" trend, which could put users at financial risk during the holiday season.",https://finance.yahoo.com/m/ade2e52c-152d-3b6f-9fe0-cd6891203f0d/apple-s-latest-pay-feature.html,TheStreet.com,2023-10-27,negative,0.7578883171081543
48,Intel's Turnaround Was Just Dealt a Devastating Blow,"Intel (NASDAQ: INTC) is in the midst of a massive turnaround plan -- one that includes catching up to rivals in CPU technology, inventing new AI-related platforms via its Gaudi accelerators, and building out a massive foundry for third-party chip manufacturing.  In fact, it actually faces three big challenges, all coming at once for its cash-cow PC business -- and that could put its whole turnaround plan in jeopardy.  This week, Reuters reported that both Nvidia (NASDAQ: NVDA) and Advanced Micro Devices (NASDAQ: AMD) were ""quietly"" developing a PC processor based on the Arm Holdings (NASDAQ: ARM) architecture, which would run on the Microsoft (NASDAQ: MSFT) Windows operating system.",https://finance.yahoo.com/m/5fb6f57b-715d-3e39-84f5-26f42d681c33/intel-s-turnaround-was-just.html,Motley Fool,2023-10-26,neutral,0.612090528011322
49,1 Simple Reason Warren Buffett Prefers to Buy Apple Rather Than Tesla Stock,"Apple (NASDAQ: AAPL) and Tesla (NASDAQ: TSLA) are two of the top companies in the world.  CEO Warren Buffett is a big fan of Apple and that's Berkshire's top holding.  At Berkshire Hathaway's 2023 annual meeting, Buffett outlined the simple reason why he doesn't invest in most car companies: The industry is too competitive, and it's difficult to predict where a company such as Tesla will be.",https://finance.yahoo.com/m/7077438c-8e6b-3aba-910a-2b4939411f33/1-simple-reason-warren.html,Motley Fool,2023-10-26,neutral,0.920479953289032
50,The Case to Break Up Google Hinges on Four Taps and a Swipe,"(Bloomberg) -- The core of the US government’s argument that Google is an illegal monopoly is a process that involves, on an iPhone, exactly four taps and a swipe. That’s what it takes to switch search engines. To explain it step by step, prosecutors called to the witness stand on Sept. 26 one of Apple Inc.’s most powerful executives, Eddy Cue.Most Read from BloombergIsrael Latest: Army Says It Strikes Hezbollah Targets in LebanonCanada Plans College Crackdown Amid Foreign Student TroublesIsrael",https://finance.yahoo.com/news/case-break-google-hinges-four-110016090.html,Bloomberg,2023-10-26,neutral,0.8423611521720886
51,3 No-Brainer Stocks I'd Buy Right Now Without Hesitation,"These companies have decades of offering stockholders consistent growth, making them attractive buys at almost any time.",https://finance.yahoo.com/m/4983f386-3ad8-3b7f-99c7-d10918cbd589/3-no-brainer-stocks-i-d-buy.html,Motley Fool,2023-10-26,neutral,0.5479490756988525
52,Big Tech earnings drove a stock market rally. They won't be enough this time.,"Mixed results from Big Tech companies like Microsoft, Alphabet, and Meta won't be enough to pull stocks out of their yield-driven rut.",https://finance.yahoo.com/news/big-tech-earnings-drove-a-stock-market-rally-they-wont-be-enough-this-time-093005507.html,Yahoo Finance,2023-10-26,negative,0.8469590544700623
53,China smartphone shipments continue decline in third quarter as former Huawei mobile brand Honor reclaims top vendor ranking,"Honor, the mobile brand spun off from Huawei Technologies in 2020, emerged as China's biggest smartphone vendor in the three months through September, when the industry's largest market saw a second consecutive quarter of modest declines in spite of the launch of major new 5G handsets. Third-quarter smartphone shipments on the mainland fell 5 per cent year on year to 66.7 million units, according to a report on Thursday by tech market research firm Canalys. That compares to a 1 per cent decline",https://finance.yahoo.com/news/china-smartphone-shipments-continue-decline-093000525.html,South China Morning Post,2023-10-26,negative,0.9762527346611023
54,Apple Makes Up Almost 50% of Warren Buffett's Portfolio: Is the Stock a Buy?,"Warren Buffett is known for holding onto stocks for the long term -- and even the idea of holding on forever isn't too much of an exaggeration.  If Buffett believes in a business, he wants to stay involved in the story through each and every chapter.  All of this suggests Buffett's relationship with top technology and consumer goods giant Apple (NASDAQ: AAPL) could only continue to grow.",https://finance.yahoo.com/m/9f36dbac-0957-3948-b60f-1af59a1662e6/apple-makes-up-almost-50-of.html,Motley Fool,2023-10-26,neutral,0.9030263423919678
55,RPT-NEWSMAKER-Foxconn founder Terry Gou lies low in Taiwan election as China tax probe reverberates,"After mastering making iPhones, Taiwan's Terry Gou, the billionaire founder of major Apple supplier Foxconn, wanted to turn his entrepreneurial skills elsewhere - to be the island's next president.  But three months out from the election, Gou, whose net worth is estimated by Forbes at $6.7 billion, has gone to ground.  He last appeared at a campaign event on Sunday night, the day a Chinese newspaper said authorities had begun a tax probe into Foxconn's operations in China, even though he stepped back from running the world's largest contract manufacturer four years ago.",https://finance.yahoo.com/news/rpt-newsmaker-foxconn-founder-terry-004252197.html,Reuters,2023-10-26,negative,0.5001288056373596
56,Apple Jacks Up the Price of Apple TV+,Sometimes even $2.65 trillion companies will shake you down for a few more streaming bucks. Apple joined its fellow industry players in the...,https://finance.yahoo.com/m/cc82e878-db25-3cb0-b697-19ed74b802c6/apple-jacks-up-the-price-of.html,Motley Fool,2023-10-26,neutral,0.8129067420959473
57,"Why Broadcom, Qualcomm, and Advanced Micro Devices Plunged Today","It was a bad day for semiconductors as Texas Instruments' guidance came in light, and analysts noted weak demand for the new iPhone.",https://finance.yahoo.com/m/78e9db0f-3478-3a95-b4b1-6a1c7d504a6d/why-broadcom-qualcomm-and.html,Motley Fool,2023-10-26,negative,0.9727927446365356
58,Apple Stock Gets Price-Target Cut On Softening iPhone 15 Sales,A Wall Street analyst on Wednesday cut his price target on Apple stock amid reports of lackluster iPhone 15 sales.,https://finance.yahoo.com/m/d50e3cfa-e44d-35e4-b040-6f4275589ed5/apple-stock-gets-price-target.html,Investor's Business Daily,2023-10-26,negative,0.966331422328949
59,Apple Pay Later is now available to all users in the US,"Apple is making Apple Pay Later available to all users in the United States, after initially releasing it to a limited number of users back in March. Apple Pay Later allows users to split the cost of an Apple Pay purchase into four equal payments over six weeks without interest or late fees. The company first announced the feature in June 2022 during its Worldwide Developers Conference (WWDC). The tech giant's website now advertises that you can use Apple Pay Later for purchases between $75 and",https://finance.yahoo.com/news/apple-pay-later-now-available-194503646.html,TechCrunch,2023-10-26,neutral,0.9330628514289856
60,"Apple Surprisingly Supports White House ""Right to Repair"" Law",The White House and consumer electronics giant Apple (AAPL) have become unlikely allies in pushing for a national “right to repair” law that would require manufacturers to support independent repair shops and consumers in fixing broken devices.,https://finance.yahoo.com/m/8a1fa696-e679-3a16-8fb5-5684f6fd0696/apple-surprisingly-supports.html,Investopedia,2023-10-26,positive,0.47902652621269226
61,Apple Hikes Apple TV Plus Price and Other Services,"Apple’s latest round of price increases follows price hikes from Netflix, Discovery and other streamers in the last few months.",https://finance.yahoo.com/news/apple-hikes-apple-tv-other-182337343.html,Kiplinger,2023-10-26,positive,0.8542192578315735
62,Tired of Frayed Charging Cables? This Chic Fix Only Costs $8,"Apple’s new cables will be braided, making them sturdier. But if you’re not buying a new phone, here are some other cures, including a low-budget hack.",https://finance.yahoo.com/m/99002aca-4b9d-325f-b7d4-d3924c78a290/tired-of-frayed-charging.html,The Wall Street Journal,2023-10-26,neutral,0.8772482872009277
63,"Qualcomm Unveils New PC Chip in Challenge to Apple, Intel","(Bloomberg) -- Qualcomm Inc., stepping up its long-running effort to break into the personal computer market, unveiled a new laptop processor designed to outperform rival products from Intel Corp. and Apple Inc.Most Read from BloombergIsrael Latest: Army Says It Strikes Hezbollah Targets in LebanonCanada Plans College Crackdown Amid Foreign Student TroublesIsrael Warns of ‘Long’ War as Invasion of Gaza Strip BeginsGM Hit With More Strikes While Stellantis Reaches Deal With UAWIsrael Enters ‘New",https://finance.yahoo.com/news/qualcomm-unveils-pc-chip-challenge-192535254.html,Bloomberg,2023-10-26,neutral,0.6283175945281982
64,Your streaming bill just went up again — thanks to Apple,Streaming prices have ballooned across the board as profitability becomes top of mind for media companies.,https://finance.yahoo.com/news/your-streaming-bill-just-went-up-again--thanks-to-apple-172046216.html,Yahoo Finance,2023-10-26,positive,0.6958516836166382
65,"Apple raises prices for Arcade gaming subscription service, AppleTV+ streaming","Apple Inc. is raising the prices for its AppleTV+ streaming and Arcade gaming plans as well as its bundled Apple One service that includes streaming, music and other subscriptions.  Arcade will now cost $6.99, up from $4.99.  AppleTV+ is now $9.99, up from $6.99.",https://finance.yahoo.com/news/apple-raise-prices-arcade-gaming-171740616.html,Associated Press Finance,2023-10-26,positive,0.9052441716194153
66,"Apple Plans AirPods Overhaul With New Low- and High-End Models, USB-C Headphones","(Bloomberg) -- Apple Inc. is planning an end-to-end overhaul of its AirPods lineup, refreshing a product category that’s emerged as one of the company’s biggest sellers. Most Read from BloombergIsrael Latest: Army Says It Strikes Hezbollah Targets in LebanonCanada Plans College Crackdown Amid Foreign Student TroublesIsrael Warns of ‘Long’ War as Invasion of Gaza Strip BeginsGM Hit With More Strikes While Stellantis Reaches Deal With UAWIsrael Enters ‘New Stage’ of War With Gaza Ground FightingTh",https://finance.yahoo.com/news/apple-plans-airpods-overhaul-low-171241983.html,Bloomberg,2023-10-26,neutral,0.5851315259933472
67,Apple Raises TV Streaming Price to $9.99,"Apple  is raising the monthly price of its TV streaming service to $9.99, joining  Netflix Disney  and other companies that have recently increased prices.  The iPhone maker is increasing the monthly cost of Apple TV+ by $3, or more than 40%.  It is also raising prices for its videogame service Apple Arcade, Apple News+ and its bundle package, Apple One.",https://finance.yahoo.com/m/b1e786ba-ebd7-321f-b8ba-b2f6cb4cc5e1/apple-raises-tv-streaming.html,The Wall Street Journal,2023-10-26,positive,0.9292443990707397
68,Apple Is Raising Subscription Prices. There Could Be More Where That Came From.,"Apple raises the prices for Apple TV+, Apple Arcade and Apple News+ in the U.S. and select international markets.",https://finance.yahoo.com/m/11a9daa9-fb28-3a78-b6de-7ef8dbd5b318/apple-is-raising-subscription.html,Barrons.com,2023-10-26,neutral,0.6989101767539978
69,5G Stocks To Watch As Apple Readies Vision Pro Headsets,"The best 5G stocks to invest in will change as smartphone apps, fixed broadband and enterprise services develop over time.",https://finance.yahoo.com/m/92f236cd-d3b5-37b9-a9a6-1baaee787879/5g-stocks-to-watch-as-apple.html,Investor's Business Daily,2023-10-26,neutral,0.8927135467529297
70,Apple raises prices on some subscription services including Apple TV+,The price hikes come as streaming prices balloon across the board.,https://finance.yahoo.com/news/apple-raises-prices-on-some-subscription-services-including-apple-tv-155224791.html,Yahoo Finance,2023-10-25,positive,0.7761626839637756
71,Apple Raises Prices of TV+ to $9.99 from $6.99 per Month,"(Bloomberg) -- Apple Inc. raised prices of its TV+, Arcade gaming and News+ subscriptions on Wednesday, following similar moves by other content providers, as the iPhone maker looks to generate more revenue from services. Most Read from BloombergIsrael Latest: Army Says It Strikes Hezbollah Targets in LebanonCanada Plans College Crackdown Amid Foreign Student TroublesIsrael Warns of ‘Long’ War as Invasion of Gaza Strip BeginsGM Hit With More Strikes While Stellantis Reaches Deal With UAWIsrael E",https://finance.yahoo.com/news/apple-raises-prices-tv-9-154120303.html,Bloomberg,2023-10-25,positive,0.7113633155822754
72,Apple unveils second streaming price hike this year,"Apple (AAPL) is increasing prices for its streaming services, including a $3 price hike for Apple TV+ from $6.99 to $9.99 per month. Apple Arcade and Apple News+ subscriptions are also seeing immediate price increases. This is the second round of price hikes in the past year, following similar increases in October 2022. Yahoo Finance's Seana Smith and Brad Smith discuss the trend across streaming platforms like Netflix (NFLX), Hulu, and Paramount+ (PARA), which have also raised prices to boost revenues amid rising costs. For more expert insight and the latest market action, click here to watch this full episode of Yahoo Finance Live.",https://finance.yahoo.com/video/apple-unveils-second-streaming-price-154057157.html,Yahoo Finance Video,2023-10-25,positive,0.918023407459259
73,12 Best Long-Term Investments for a Child,"In this article, we will take a look at the 12 best long-term investments for a child. To skip our detailed discussion on investment plans for kids and the importance of long-term investment horizon, click 5 Best Long-Term Investments for a Child. “My dad was my greatest inspiration. What I learned at an early age […]",https://finance.yahoo.com/news/12-best-long-term-investments-152616994.html,Insider Monkey,2023-10-25,neutral,0.9141155481338501
74,Apple is making a change to its subscriptions users won't like,"Apple  has been steadily pushing into the subscription business for years now, building robust products that more than one billion people are using, according to the tech titan.  Now that it has pulled in a variety of different consumers with products like Apple Arcade and Apple News+, its announcing a new price hike for several of its subscription products that, while not exactly a surprise, will probably not go over well for many of its users.  As of Oct. 25, Apple TV+ and Apple News+ have both gone up $3 in price, with the new price for TV at $9.99 a month and the new price for News+ at $12.99.",https://finance.yahoo.com/m/e5bdbd21-77da-35bb-a9df-8da7096d6a07/apple-is-making-a-change-to.html,TheStreet.com,2023-10-25,positive,0.9096362590789795
75,"Apple raises subscription prices for TV+, News+","The per month price of Apple TV+ has been increased by $3 to $9.99, while Apple News+ has been priced at $12.99, up from $9.99.  Recently, streaming giants Netflix and Disney too had raised their prices as they look to boost growth amid intense competition.  Netflix increased subscription prices for some streaming plans in the United States, Britain and France when it reported results last week.",https://finance.yahoo.com/news/apple-hikes-price-apple-tv-142542792.html,Reuters,2023-10-25,positive,0.9434245228767395
76,Apple 'Scary Fast' event preview: Everything we know so far,"TheStreet's J.D. Durkin brings the latest business headlines from the floor of the New York Stock Exchange as markets open for trading Wednesday, October 24.  Apple's first iteration of the chip, the M1, was launched in 2020 - with the M2 making its first appearance last year.",https://finance.yahoo.com/m/881a9467-c217-33a1-9f29-b9cb58b8d3be/apple-scary-fast-event.html,TheStreet.com,2023-10-25,neutral,0.9207119941711426
77,Big Tech Tumbles,"Investors are getting nervous about the technology behemoths that have led the market higher this year. Big tech stocks such as Meta Platforms, Amazon, Apple and Nvidia are all falling in early trading, lagging behind the broader market.",https://finance.yahoo.com/m/70381981-50aa-3cf9-a13c-ad28180b89ae/big-tech-tumbles.html,The Wall Street Journal,2023-10-25,negative,0.9731007218360901
78,Surging Yields Flip From Burden to Boon in Big Tech Earnings,"(Bloomberg) -- Amid a rocky earnings season for giant companies, cash-rich megacap tech stocks have found an unlikely friend: soaring yields in fixed-income markets.Most Read from BloombergControversial Chip in Huawei Phone Produced on ASML MachineTrump Signals Support for Johnson’s Bid to Become House SpeakerTech-Heavy ETF Up in Late Hours as Meta Rallies: Markets WrapChina Developer Country Garden Deemed in Default on Dollar Bond for First TimeTrump Ally Mike Johnson Elected House Speaker, Shi",https://finance.yahoo.com/news/surging-yields-flip-burden-boon-130308086.html,Bloomberg,2023-10-25,positive,0.7062220573425293
79,Big Tech earnings can make or break this market,"In an unstable economic climate marked by geopolitical unrest, concerns about the Federal Reserve and soaring Treasury yields, investors are closely watching this week’s Big Tech earnings for clues about where the volatile stock market may head next.",https://finance.yahoo.com/news/big-tech-earnings-break-market-115644677.html,CNN Business,2023-10-25,neutral,0.5123021602630615
80,Almost Half of Warren Buffett's $333 Billion Portfolio Is Invested in Only 1 Stock,"Berkshire Hathaway (NYSE: BRK.A) (NYSE: BRK.B) is a massive conglomerate that owns a sizable public equities portfolio.  Among the numerous holdings that the Warren Buffett business owns, Apple (NASDAQ: AAPL) is by far the biggest, representing a whopping 47% of the overall portfolio.  Let's try to understand what characteristics first attracted Buffett to Apple stock.",https://finance.yahoo.com/m/85c35969-eab9-3c6b-b6d2-214af443c8b0/almost-half-of-warren.html,Motley Fool,2023-10-25,neutral,0.9473040103912354
81,47.6% of Warren Buffett's $335 Billion Portfolio Is Invested in 2 Artificial Intelligence (AI) Stocks,"Buffett's right-hand man thinks AI is overhyped, but Berkshire's long-term future might depend on the technology's success.",https://finance.yahoo.com/m/13f72210-48cf-3c26-8204-2e32590846fc/47-6-of-warren-buffett-s.html,Motley Fool,2023-10-25,neutral,0.8730607628822327
82,Will Artificial Intelligence (AI) Make Tesla a Member of the $1 Trillion Club? Elon Musk Thinks So.,Musk spent a good portion of the Q3 earnings call providing investors with updates on Optimus and Dojo.,https://finance.yahoo.com/m/07b057a3-0814-3bfd-a47d-cf534e50626e/will-artificial-intelligence.html,Motley Fool,2023-10-25,neutral,0.8717095851898193
83,NEWSMAKER-Foxconn founder Terry Gou lies low in Taiwan election as China tax probe reverberates,"After mastering making iPhones, Taiwan's Terry Gou, the billionaire founder of major Apple supplier Foxconn, wanted to turn his entrepreneurial skills elsewhere - to be the island's next president.  But three months out from the election, Gou, whose net worth is estimated by Forbes at $6.7 billion, has gone to ground.  He last appeared at a campaign event on Sunday night, the day a Chinese newspaper said authorities had begun a tax probe into Foxconn's operations in China, even though he stepped back from running the world's largest contract manufacturer four years ago.",https://finance.yahoo.com/news/newsmaker-foxconn-founder-terry-gou-063555003.html,Reuters,2023-10-25,negative,0.5339211225509644
84,UPDATE 1-Qualcomm unveils new PC laptop chip with AI features for 2024,"Qualcomm on Tuesday gave details about a chip for Microsoft Windows-based laptops that it claims will be faster at some tasks than Apple's chips for Mac computers.  Qualcomm executives said the company's new Snapdragon Elite X chip will be available in laptops starting next year and has been redesigned to better handle artificial intelligence tasks like summarizing emails, writing text and generating images.  Those AI features will also factor into Qualcomm's chips for smartphones, with Alphabet's Google and Meta both saying Tuesday they plan to take advantage of them.",https://finance.yahoo.com/news/1-qualcomm-unveils-pc-laptop-231336275.html,Reuters,2023-10-25,neutral,0.70652174949646
85,Qualcomm invests further in mobile AI with chip announcements,The chipmaker is trying to carve out a niche for itself with AI chips geared towards smartphones and laptops.,https://finance.yahoo.com/news/qualcomm-invests-further-in-mobile-ai-with-chip-announcements-211140541.html,Yahoo Finance,2023-10-25,positive,0.716796875
86,"Alphabet Posts Strong Q3 Earnings on Robust Search, YouTube Ad Spend","Google Bard has also helped to stave off concerns about a large-scale shift away from Google Search, although an ongoing antitrust trial may be impactful.",https://finance.yahoo.com/m/2fd6c00f-784c-3055-87a7-2623a155be29/alphabet-posts-strong-q3.html,Investopedia,2023-10-25,positive,0.9366604089736938
87,"Corning, Taiwan Semi Hint at iPhone Health","September-ending quarter results from Corning's  Display Technologies segment, for example, saw its revenue rise 5% sequentially but more than 40% year over year.  Corning is among the companies that make parts used in smartphones, such as the iPhone.  Corning is a known Apple partner.",https://finance.yahoo.com/m/7f7d1e42-8a87-372b-be6f-7bf8b953f3fb/corning-taiwan-semi-hint-at.html,TheStreet.com,2023-10-25,positive,0.6633263826370239
88,Apple announces ‘scary fast’ October event,"Apple announced its second product event of the season, a month after introducing its new iPhone 15 lineup. New iMacs are likely.",https://finance.yahoo.com/news/apple-announces-scary-fast-october-194441547.html,CNN Business,2023-10-25,neutral,0.7579861879348755
89,Apple set to report earnings next week — Here’s what Wall Street expects,"sMany of the big tech names are reporting September quarter earnings this week, but investors will have to wait until next week for the biggest big tech of them all to deliver its latest quarterly update. Next Thursday (Nov 2), Apple (NASDAQ:AAPL) will dial in its fiscal fourth-quarter of 2023 results. In anticipation of the readout, Monness’ Brian White, a 5-star analyst ranked in the top 1% of Street experts, thinks investors should prepare for “headwinds across the portfolio.” “In our view,”",https://finance.yahoo.com/news/apple-set-report-earnings-next-191217964.html,TipRanks,2023-10-25,neutral,0.6608839631080627
90,Qualcomm unveils new PC laptop chip with AI features for 2024,"Qualcomm on Tuesday gave details about a chip for Microsoft Windows-based laptops that it claims will be faster at some tasks than Apple's chips for Mac computers.  Qualcomm executives said the company's new Snapdragon Elite X chip will be available in laptops starting next year and has been redesigned to better handle artificial intelligence tasks like summarizing emails, writing text and generating images.  Those AI features will also factor into Qualcomm's chips for smartphones, with Alphabet's  Google and Meta  both saying Tuesday they plan to take advantage of them.",https://finance.yahoo.com/news/qualcomm-unveils-pc-laptop-chip-190319156.html,Reuters,2023-10-25,neutral,0.7228274345397949
91,UPDATE 3-Apple backs Biden's push for right-to-repair law,"Apple, the world's largest tech company, said on Tuesday that it will back a U.S. right-to-repair bill, following years of complaints from consumer advocates that its sleek devices are difficult and expensive to fix.  The announcement is part of a broader push by President Joe Biden to promote competition and crack down on so-called junk fees and other actions that increase prices for consumers.  Apple also on Tuesday said it would make parts, tools and documentation needed to fix its iPhones and computers available to independent repair shops and consumers nationwide, a move that could help push other companies to follow suit.",https://finance.yahoo.com/news/2-apple-tools-parts-fix-181822565.html,Reuters,2023-10-25,positive,0.38340526819229126
92,Apple backs Biden's push for right-to-repair law,"WASHINGTON (Reuters) -Apple, the world's largest tech company, said on Tuesday that it will back a U.S. right-to-repair bill, following years of complaints from consumer advocates that its sleek devices are difficult and expensive to fix.  The announcement is part of a broader push by President Joe Biden to promote competition and crack down on so-called junk fees and other actions that increase prices for consumers.  Apple also on Tuesday said it would make parts, tools and documentation needed to fix its iPhones and computers available to independent repair shops and consumers nationwide, a move that could help push other companies to follow suit.",https://finance.yahoo.com/news/exclusive-apple-tools-parts-fix-180652059.html,Reuters,2023-10-25,positive,0.417264461517334
93,"Apple to make tools and parts to fix phones, computers available nationwide - White House","APPLE TO MAKE PARTS, TOOLS AND DOCUMENTATION AVAILABLE TO FIX ALL PRODUCTS AT INDEPENDENT REPAIR SHOPS NATIONWIDE - WHITE HOUSE WHITE HOUSE'S BRAINARD TO ASK CONGRESS TO PASS 'RIGHT TO REPAIR' LAW Mac computer and iPhone maker Apple on Tuesday will announce plans to make parts, tools, and documentation needed to repair its products available to independent repair shops and consumers nationwide, at fair and reasonable prices, the White House said.  National Economic Council Director Lael Brainard made the announcement in remarks prepared for a White House event later Tuesday focused on the so-called ""right to repair,"" calling on Congress to pass legislation requiring such action across the country.",https://finance.yahoo.com/news/apple-tools-parts-fix-phones-180000533.html,Reuters,2023-10-25,neutral,0.8034018278121948
94,Apple to Revamp TV App in Step Toward Simplifying Video Services,"(Bloomberg) -- Apple Inc. will redesign its TV app in a step toward consolidating the company’s various video offerings later this year, according to people with knowledge of the matter, part of its efforts to become a bigger player in the streaming world. Most Read from BloombergIsrael Latest: Army Says It Strikes Hezbollah Targets in LebanonCanada Plans College Crackdown Amid Foreign Student TroublesIsrael Warns of ‘Long’ War as Invasion of Gaza Strip BeginsGM Hit With More Strikes While Stell",https://finance.yahoo.com/news/apple-revamp-tv-app-step-174726586.html,Bloomberg,2023-10-25,neutral,0.570329487323761
95,"Alphabet, Microsoft Have ‘No Room’ for Error as Tech Rally Fades",(Bloomberg) -- Stock bulls who rode megacap tech shares to double-digit gains this year have had little reason to stick around lately. Now they’re counting on earnings from Microsoft Corp. and Alphabet Inc. after markets close Tuesday to help restart the rally. Most Read from BloombergIsrael Latest: US Determines Israel Wasn’t Behind Hospital BlastNobody Wants Mutual Funds NowTrump Ally Mike Johnson Becomes Latest GOP House Speaker NomineeBig Tech Earnings Whipsaw QQQ in Late Trading: Markets Wr,https://finance.yahoo.com/news/alphabet-microsoft-no-room-error-102709845.html,Bloomberg,2023-10-25,neutral,0.7744344472885132
96,Apple Announces ‘Scary Fast’ Oct. 30 Event to Roll Out New Macs,"(Bloomberg) -- Apple Inc. is poised to roll out new Macs on Oct. 30 in what will likely be the iPhone maker’s last launch event of 2023. Most Read from BloombergIsrael Latest: Army Says It Strikes Hezbollah Targets in LebanonCanada Plans College Crackdown Amid Foreign Student TroublesIsrael Warns of ‘Long’ War as Invasion of Gaza Strip BeginsGM Hit With More Strikes While Stellantis Reaches Deal With UAWIsrael Enters ‘New Stage’ of War With Gaza Ground FightingOn Tuesday, the company announced p",https://finance.yahoo.com/news/apple-announces-scary-fast-oct-164824849.html,Bloomberg,2023-10-25,negative,0.4793524146080017
97,Apple Sets ‘Scary Fast’ Launch Event for Oct. 30. Expect New Macs.,"STOCK ALERT   Apple has announced plans for a product launch event to be held next Monday, Oct. 30, at the unusual time of 5 p.m. Pacific time.  The invitation for the virtual-only Apple (ticker: AAPL) event has the headline “Scary fast.",https://finance.yahoo.com/m/8c932764-0fb6-3163-93bd-827e575b81d7/apple-sets-%E2%80%98scary-fast%E2%80%99.html,Barrons.com,2023-10-25,neutral,0.9472237825393677
98,Apple to hold special event on Oct. 30 dubbed 'Scary Fast',"Media reports have said the company may release new Mac devices with a faster M3 chip.  The company will hold the event at 5 pm Pacific Time (8 pm EST), a departure from its usual morning events.  In June, Apple launched a larger MacBook Air with the new M2 chip at a price of $1,299, a year after the company upgraded the 13-inch MacBook Air with the same processor.",https://finance.yahoo.com/news/apple-hold-special-event-oct-162604717.html,Reuters,2023-10-25,neutral,0.7865541577339172
99,UPDATE 1-Apple to hold special event on Oct. 30 dubbed 'Scary Fast',"IPhone maker Apple said on Tuesday it will hold a special event named ""Scary Fast"" on Oct. 30.  The company will hold the event at 5 pm Pacific Time (8 pm EST), a departure from its usual morning events.  In June, Apple launched a larger MacBook Air with the new M2 chip at a price of $1,299, a year after the company upgraded the 13-inch MacBook Air with the same processor.",https://finance.yahoo.com/news/1-apple-hold-special-event-162322668.html,Reuters,2023-10-25,neutral,0.795043408870697
100,"Microsoft, Google, Meta, Amazon: Earnings reports to watch","Earnings season is well underway and big tech is in the spotlight. Microsoft (MSFT) and Google (GOOGL) are set to report on Tuesday. Meta (META) is scheduled to report on Wednesday. Amazon (AMZN) is expected to report on Thursday. Yahoo Finance spoke to experts, reporters, and analysts across the industry to break down the biggest themes and what to watch from earnings this week. Yahoo Finance Markets Reporter Jared Blikre broke down the Magnificent Seven - Amazon (AMZN), Apple (APPL), Microsoft (MSFT), Meta (META), Alphabet (GOOGL) Tesla (TSLA), and Nvidia (NVDA) - and their dominance of the S&P market cap. Blikre said, ""30 percent right now. That is the same amount that it was when the market peaked at the beginning of 2022."" FS Investments Chief Market Strategist Troy Gayeski discussed the valuations of big tech stocks and what he is keeping an eye on this earnings season. Gayeski explained, ""AI is obviously going to be a key driver of revenue growth and profit growth ... (Our question is) whether the multiple that people are paying is justified."" Yahoo Finance Tech Editor Dan Howley is watching the cloud and how AI fits into the plans of the major tech companies. Howley said, ""How are these big investments that these companies are discussing fitting into their overall revenue when it comes to their cloud performance.""",https://finance.yahoo.com/video/microsoft-google-meta-amazon-earnings-160444393.html,Yahoo Finance Video,2023-10-25,neutral,0.8913233876228333
101,"Apple Lags Microsoft, Google in AI. How Much It Needs to Spend to Catch Up.","Apple is likely to spend billions on chips from Nvidia to power its AI investment, according to analyst Ming-Chi Kuo.",https://finance.yahoo.com/m/28f083c6-ce34-385c-825b-d416a5f5c3de/apple-lags-microsoft-google.html,Barrons.com,2023-10-24,neutral,0.5497002005577087
102,WordPress.com owner buys all-in-one messaging app Texts.com for $50M,"WordPress.com and Tumblr owner Automattic is adding another company to its portfolio with today's news that it has acquired the all-in-one messaging app Texts.com for $50 million. The app brings all your messaging apps together in a single dashboard, including iMessage, Slack, WhatsApp, Instagram, Telegram, Messenger, LinkedIn, Signal, Discord and X, with plans for more in the future, a company blog post announced. Though other companies have tried to do something similar -- like Beeper -- Texts",https://finance.yahoo.com/news/wordpress-com-owner-buys-one-140456699.html,TechCrunch,2023-10-24,neutral,0.9012709259986877
103,Apple to invest more than $1 billion annually in lucrative new area,"The $3 trillion company has the ""biggest opportunity among Big Tech to pioneer"" this avenue.",https://finance.yahoo.com/m/759883ec-ab5e-3542-939a-755d1ee0a7c8/apple-to-invest-more-than-1.html,TheStreet.com,2023-10-24,positive,0.7405256628990173
104,Apple Risks Getting Caught in Taiwan Tensions With iPhone Supplier Probes,China’s investigations into Taiwanese supplier Foxconn come as its billionaire founder pursues a bid for the Taiwanese presidency.,https://finance.yahoo.com/m/181631dc-487b-3d05-97ea-8d043ee2cb7d/apple-risks-getting-caught-in.html,The Wall Street Journal,2023-10-24,negative,0.9349210262298584
105,Corning warns of hit from UAW strike as core sales forecast disappoints,"""Labor issues in the automotive industry could impact our automotive business more in the fourth quarter than it did in the third quarter,"" CFO Edward Schlesinger said in an earnings call.  Corning supplies windscreens and emission control systems to the automotive industry and the strike comes as it grapples with slowing demand for its fiber cables from the telecom sector.  The optical communications unit, one of its main revenue generators, saw net sales fall by nearly a third as carriers worked through inventory.",https://finance.yahoo.com/news/cornings-shares-fall-apple-supplier-121044289.html,Reuters,2023-10-24,negative,0.9758526682853699
106,Spotify CEO Daniel Ek says he couldn’t have built the platform if he came up with it today—and he’s blaming Apple,Ek was lambasting Apple and Google for 30% fees at their app stores as a new competition bill goes through U.K. Parliament.,https://finance.yahoo.com/news/spotify-ceo-daniel-ek-says-115912267.html,Fortune,2023-10-24,negative,0.9533581733703613
107,Chinese retailers are already slashing the prices of the iPhone 15 by over $100 amid reports of a sluggish launch for Apple’s latest smartphone,Analyst reports are suggesting that Apple's latest iPhone may be struggling in the Chinese market.,https://finance.yahoo.com/news/chinese-retailers-already-slashing-prices-112708745.html,Fortune,2023-10-24,negative,0.9739347100257874
108,'Probably the best use of cash': Warren Buffett likes businesses that dole out dividends — but he absolutely loves it when they do this instead. 3 'share cannibals' to watch now,Share repurchases are similar to dividends.,https://finance.yahoo.com/news/probably-best-cash-warren-buffett-110000874.html,Moneywise,2023-10-24,neutral,0.905974805355072
109,Trending tickers: Bitcoin | Hermès | Barclays | Arm,The latest investor updates on stocks that are trending on Tuesday.,https://finance.yahoo.com/news/trending-tickers-bitcoin-hermes-barclays-arm-104437773.html,Yahoo Finance UK,2023-10-24,neutral,0.9032891392707825
110,Looking for Tech Stocks? These 3 Are Great Buys.,These companies have powerful positions in tech and could have a lot to offer stockholders as the industry develops.,https://finance.yahoo.com/m/d56e2aba-3418-3179-842e-a4f791d34a0c/looking-for-tech-stocks-.html,Motley Fool,2023-10-24,neutral,0.5772119760513306
111,Apple’s ‘carbon neutral’ claims come under scrutiny,iPhone maker flags credentials of its latest Watch products as EU seeks to clamp down on ‘greenwashing’,https://finance.yahoo.com/m/b6efe9d5-c3dc-3b53-bf6f-c3cd0980842b/apple%E2%80%99s-%E2%80%98carbon-neutral%E2%80%99.html,Financial Times,2023-10-24,negative,0.9473956823348999
112,"Big Tech Q3 Earnings: Top Questions for the CEOs of Google, Meta, Apple, Amazon","How is the antitrust trial going? What comes after the ""year of efficiency""?",https://finance.yahoo.com/news/big-tech-q3-earnings-top-005842811.html,Observer,2023-10-24,neutral,0.910326361656189
113,Why the Market Dipped But Apple (AAPL) Gained Today,"In the latest trading session, Apple (AAPL) closed at $173, marking a +0.07% move from the previous day.",https://finance.yahoo.com/news/why-market-dipped-apple-aapl-214519022.html,Zacks,2023-10-24,positive,0.6602306962013245
114,"Taylor Swift Tops Scorsese, Holding Hollywood Royalty at Bay","(Bloomberg) -- The film version of Taylor Swift’s stadium tour held on to the box-office lead for a second-straight weekend, outdrawing a new Martin Scorsese drama from Apple Inc.Most Read from BloombergLi Keqiang, China’s Second-Most Powerful Man for a Decade, Dies at 68Tech Giants Signal Rebound as Amazon, Intel Rally: Markets WrapIsrael Latest: US Strikes Two Iran-Linked Facilities in SyriaControversial Chip in Huawei Phone Produced on ASML MachineUS Economy Grew at a 4.9% Pace Last Quarter,",https://finance.yahoo.com/news/taylor-swift-tops-scorsese-holding-211913886.html,Bloomberg,2023-10-24,positive,0.8213608860969543
115,Apple to spend $1 billion on AI in catch-up move: report,"Apple was caught off guard by the sudden rise of generative artificial intelligence and is now investing $1 billion to catch up, according to a new report.",https://finance.yahoo.com/news/apple-spend-1-billion-ai-204448160.html,Fox Business,2023-10-24,neutral,0.7544746994972229
116,Apple's 'Killers of the Flower Moon' highlights tech giant's film strategy shift,"Apple's ""Killers of the Flower Moon"" shows how the tech giant is embracing theatrical releases to drive subscribers to its flagship streaming service Apple TV+.",https://finance.yahoo.com/news/apples-killers-of-the-flower-moon-highlights-tech-giants-film-strategy-shift-200537725.html,Yahoo Finance,2023-10-24,neutral,0.6342496275901794
117,"China Rattles Foreign Firms With New Arrests, Foxconn Probe","(Bloomberg) -- Chinese authorities are again shaking the confidence of foreign companies in the country with a series of arrests across industries and an investigation into Foxconn Technology Group, Apple Inc.’s most important partner and one of the largest employers in China.Most Read from BloombergAn Oil Giant Quietly Ditched the World’s Biggest Carbon Capture PlantWall Street Trading Rattled by Wild Treasury Moves: Markets WrapChina Repeats Its View That Israel Must Protect CiviliansHostages",https://finance.yahoo.com/news/china-rattles-foreign-firms-again-014241600.html,Bloomberg,2023-10-24,negative,0.8902433514595032
118,iPhone Sales Are Weak. Apple’s Future Depends on Their Strength: Analysts.,J.P. Morgan analyst Samik Chatterjee says that lead times for the iPhone 15 moderated for the fourth consecutive week.,https://finance.yahoo.com/m/0e200438-90b8-37e3-a2a2-2302fb52b642/iphone-sales-are-weak-.html,Barrons.com,2023-10-24,negative,0.9017839431762695
119,Taylor Swift Eras Tour outperforms Scorsese film in theaters,"Taylor Swift's record-breaking Eras Tour concert film outperformed Martin Scorsese’s Killers of the Flower Moon at the box office this weekend in the latter's theatrical premiere. Yahoo Finance Entertainment Reporter Alexandra Canal reports on the continued success of the Eras Tour film and Taylor Swift's influence across industries, such as the boost to Travis Kelce jersey sales after her appearances at Kansas City Chief's games. Click here to watch the full interview on the Yahoo Finance YouTube page or you can watch this full episode of Yahoo Finance Live here.",https://finance.yahoo.com/video/taylor-swift-eras-tour-outperforms-161446814.html,Yahoo Finance Video,2023-10-24,neutral,0.7990607023239136
120,"Apple Stock: iPhone 15 Pro Models Demand Holds Steady, Lower-End Models See Lead Time Shifts","There have been reports that iPhone 15 sales are not quite as strong as Apple (NASDAQ:AAPL) would have liked, particularly in key markets such as China. However, according to Evercore analyst Amit Daryanani, the picture is not conclusively negative. Although in some region, lead times have been falling, Evercore’s iPhone tracking endeavors show the data points to “stable demand for the iPhone 15 Pro and Pro Max models vs. a year ago across most geographies.” That said, the past week has seen low",https://finance.yahoo.com/news/apple-stock-iphone-15-pro-155605891.html,TipRanks,2023-10-23,negative,0.8899500966072083
121,China Probes of Foxconn Sends Apple Supplier's Stock Lower,"Chinese probes into one of Apple's top suppliers, Foxconn Technology Group, unnerved investors Monday. Over the weekend, Chinese state media said [tax authorities were scrutinizing some of Foxconn's China facilities](https://www.",https://finance.yahoo.com/m/1bd94055-9b78-36c1-99ed-7fd563fabaf2/china-probes-of-foxconn-sends.html,The Wall Street Journal,2023-10-23,negative,0.9492101669311523
122,"Foxconn faces tax audit, land use investigation from China","Apple (AAPL) iPhone manufacturer Foxconn Technology (2354.TW) is facing a tax audit and a probe into its land use by the Chinese government. Yahoo Finance Tech Editor Dan Howley details the news surrounding the Taiwanese company as more Big Tech companies seek to expand their supply chains outside of China. For more expert insight and the latest market action, click here to watch this full episode of Yahoo Finance Live.",https://finance.yahoo.com/video/foxconn-faces-tax-audit-land-134209186.html,Yahoo Finance Video,2023-10-23,neutral,0.9132449626922607
123,Apple slides amid reports of China tax probe into iPhone assembler Foxconn,"Taiwan based Foxconn, the world's biggest assembler of Apple iPhones, is reportedly in the crosshairs of tax authorities in China.",https://finance.yahoo.com/m/7907dbfe-1cc9-3b3c-bd6e-480b311f9502/apple-slides-amid-reports-of.html,TheStreet.com,2023-10-23,negative,0.9498535394668579
124,Garmin (GRMN) Bolsters Smartwatch Offerings With ECG App,"Garmin (GRMN) incorporates ECG App into its smartwatch lineup, namely, epix Pro, fenix 7 Pro, Venu 3 and tactix 7, enabling users to record an ECG and check vital signs directly from their smartwatch.",https://finance.yahoo.com/news/garmin-grmn-bolsters-smartwatch-offerings-133000412.html,Zacks,2023-10-23,neutral,0.5379260182380676
125,"Midday movers: Hess, Chevron, Okta, Apple and more",Investing.com -- U.S. stocks reversed earlier losses to turn green on Monday despite rising bond yields as investors await quarterly earnings from a number of tech giants this week.,https://finance.yahoo.com/news/chevron-apple-tesla-fall-premarket-073153587.html,Investing.com,2023-10-23,positive,0.690771758556366
126,Apple's job listings suggest it plans to infuse AI in multiple products,"Apple seems to be finally getting serious about infusing generative AI into its products after announcing a solitary ""Transformer"" model-based autocorrect feature on iOS 17 earlier this year. The company has shared several job opportunities listing specific needs for generative AI in the last few weeks. For instance, a role on the App Store platform says that the company is ""working on a generative AI-based developer experience platform for internal use and assist our app development team."" Anot",https://finance.yahoo.com/news/apples-job-listings-suggest-plans-123535202.html,TechCrunch,2023-10-23,neutral,0.6487211585044861
127,"3 Large-Cap Stocks That Could Surge By Over 20%, According To Analysts","The stock market has finally begun recovering from the worst bear market since 2008, with the S&P 500 index rising by nearly 12% year to date. The tech sector boasted a stellar recovery after a brutal rout last year, as evidenced by the Nasdaq Composite Index's 26% gain so far this year. But the market volatility is far from over. The Federal Reserve's decision to raise interest rates at least once again this year and the growing geopolitical tensions globally have resulted in volatility levels",https://finance.yahoo.com/news/3-large-cap-stocks-could-123007874.html,Benzinga,2023-10-23,positive,0.8618038892745972
128,Apple (AAPL) Shares Pulled Back in Q3,"Aristotle Atlantic Partners, LLC, an investment advisor, released its “Large Cap Growth Strategy” third quarter 2023 investor letter. A copy of the same can be downloaded here. In the third quarter, Aristotle Atlantic’s Large Cap Growth Strategy delivered -5.34% gross of fees (-5.51% net of fees) underperforming the Russell 1000 Growth Index’s return of -3.13%. Security […]",https://finance.yahoo.com/news/apple-aapl-shares-pulled-back-122054794.html,Insider Monkey,2023-10-23,negative,0.9579486846923828
129,Trending tickers: Apple | Amazon | Barclays | Tesla,The latest investor updates on stocks that are trending on Monday.,https://finance.yahoo.com/news/apple-amazon-barclays-tesla-trending-tickers-121031025.html,Yahoo Finance UK,2023-10-23,neutral,0.8958780765533447
130,5 Things to Know Before Markets Open,Chevron announced it will buy Hess for $53 billion and Apple shares fell after China launched tax probes into key supplier Foxconn. Here’s what investors need to know today.,https://finance.yahoo.com/m/3090c158-d779-3bdb-8e85-e5a203f1b0d1/5-things-to-know-before.html,Investopedia,2023-10-23,neutral,0.5723763704299927
131,Is It Time To Consider Buying Apple Inc. (NASDAQ:AAPL)?,"Apple Inc. ( NASDAQ:AAPL ) saw significant share price movement during recent months on the NASDAQGS, rising to highs...",https://finance.yahoo.com/news/time-consider-buying-apple-inc-110027871.html,Simply Wall St.,2023-10-23,positive,0.9495171308517456
132,"The Zacks Analyst Blog Highlights Apple, Amgen, Becton, Dickinson, UnitedHealth and Verisk","Apple, Amgen, Becton, Dickinson, UnitedHealth and Verisk are included in this Analyst Blog.",https://finance.yahoo.com/news/zacks-analyst-blog-highlights-apple-103200584.html,Zacks,2023-10-23,neutral,0.9494228959083557
133,UPDATE 1-Chinese retailers offer deep iPhone 15 discounts,"Chinese e-commerce platforms including JD.com, PDD Holdings' Pinduoduo and Alibaba's Taobao are offering big discounts on Apple's latest iPhone 15, with some going for up to 1,501 yuan ($205.14) below the retail price.  Analysts say the iPhone 15 has not been selling as well in China as its predecessor.  Counterpoint Research said last week that iPhone 15 sales in China were down 4.5% compared with the iPhone 14, in the first 17 days after its market launch.",https://finance.yahoo.com/news/1-chinese-retailers-offer-deep-101325886.html,Reuters,2023-10-23,negative,0.9754791855812073
134,Apple's iPhone 15 already being discounted on Chinese e-commerce sites in run up to Double 11 sales festival,"Apple's new iPhone 15 series is already subject to steep discounts on Chinese e-commerce websites in the run up to this year's Double 11 online sales extravaganza, with the iconic smartphone up against stiff competition from Huawei Technologies' Mate 60 Pro 5G handset. The iPhone 15 and 15 Plus were selling at around 800 yuan (US$109) and 900 yuan cheaper, respectively, than their official retail prices on Alibaba Group Holding's Taobao platform. Meanwhile, on PDD Holdings' Pinduoduo, the basic",https://finance.yahoo.com/news/apple-iphone-15-already-being-093000453.html,South China Morning Post,2023-10-23,positive,0.563168466091156
135,Foxconn Hit by Chinese Investigations. Why the Apple Supplier Is in China’s Sights.,"Foxconn, also known as Hon Hai Precision Industry, was subjected recently to searches by Chinese authorities, according to China's state-run Global Times newspaper.",https://finance.yahoo.com/m/24ac361a-8ba2-35ca-b749-a878e64d4eab/foxconn-hit-by-chinese.html,Barrons.com,2023-10-23,negative,0.8644150495529175
136,Tim Cook Can’t Make iPhones Without This Chinese Company and Its CEO,Apple is increasingly reliant on China-based Luxshare for manufacturing amid U.S. tensions with Beijing.,https://finance.yahoo.com/m/80f4df88-dbdc-3940-bc3a-a04222d6afc3/tim-cook-can%E2%80%99t-make-iphones.html,The Wall Street Journal,2023-10-23,negative,0.8155986070632935
137,Here’s Why Apple (AAPL) Detracted in Q3,"Wedgewood Partners, an investment management company, released its “Wedgewood Partners Large Cap Focused Growth Fund” third quarter 2023 investor letter. A copy of the same can be downloaded here. In the third quarter, Wedgewood Composite’s net return was -2.4% compared to the Standard & Poor’s -3.3%, Russell 1000 Growth Index’s -3.1%, and Russell 1000 Value Index’s […]",https://finance.yahoo.com/news/why-apple-aapl-detracted-q3-080903843.html,Insider Monkey,2023-10-23,negative,0.8883671760559082
138,Heard on the Street Recap: Six Bites Out of the Apple,The Federal Reserve is hinting it might hit the pause button on interest rates. The decline in stocks kept going anyway on Friday. What seemed like an inevitable march toward a 5% yield on the 10-year Treasury note was halted in its tracks after Fed Chair Jerome Powell signaled that the central bank might hold off on the next rate increase.,https://finance.yahoo.com/m/d2feff75-1038-3fdd-8544-71fc1b5f3e76/heard-on-the-street-recap-.html,The Wall Street Journal,2023-10-23,negative,0.9291732907295227
139,Apple's iPhone 15 sold at deep discount by China's e-commerce giants,"Top Chinese e-commerce platforms are offering discounts on Apple's latest iPhone 15, with JD.com cutting over $200 off the retail price.",https://finance.yahoo.com/news/chinese-retailers-offer-deep-iphone-070709496.html,Reuters,2023-10-23,negative,0.5608444809913635
140,Chinese retailers offer deep iPhone 15 discounts,"Chinese e-commerce platforms including PDD Holdings' Pinduoduo and Alibaba's Taobao are offering deep discounts on Apple's latest iPhone 15 series, with some selling models up to 900 yuan ($123) below the retail price.  Analysts say the iPhone 15 has not been selling as well in China as its predecessor.  Counterpoint Research said last week that iPhone 15 sales in China were down 4.5% versus the iPhone 14 in the first 17 days after its market launch.",https://finance.yahoo.com/news/chinese-retailers-offer-deep-iphone-070355281.html,Reuters,2023-10-23,negative,0.9752978682518005
141,"China rattles foreign firms again with arrests, Foxconn probe",Shares in Foxconn and Hon Hai sank after Chinese authorities began a probe into Apple's most important partner and made a series of arrests across industries.,https://finance.yahoo.com/news/china-rattles-foreign-firms-again-014241196.html,Bloomberg,2023-10-23,negative,0.966320276260376
142,"Treasury yields, Foxconn, tech earnings  - what's moving markets","Rising U.S. Treasury yields continue to weigh on stock markets at the start of a week that includes the release of earnings from a number of tech giants.  Crude slips back as aid enters Gaza, while Apple is under pressure as its main supplier, Foxconn, faces a tax probe in China.  U.S. bond yields are on the rise again, with the yield on the benchmark 10-year Treasury back up to 4.969% on Monday, just short of the widely-watched 5% threshold, having surged almost 30 basis points last week alone.",https://finance.yahoo.com/news/treasury-yields-foxconn-tech-earnings-043314313.html,Investing.com,2023-10-23,positive,0.597888171672821
143,iPhone Assembler Hon Hai Dives After China Starts Probes,"(Bloomberg) -- Hon Hai Precision Industry Co. fell its most in more than three months after Beijing launched a series of investigations into its operations in China, targeting a key Apple Inc. supplier and one of the country’s largest employers.Most Read from BloombergControversial Chip in Huawei Phone Produced on ASML MachinePost-Earnings Meta Rally Fails to Prop Up QQQ: Markets WrapTrump Signals Support for Johnson’s Bid to Become House SpeakerTrump Ally Mike Johnson Elected House Speaker, Shi",https://finance.yahoo.com/news/iphone-assembler-hon-hai-dives-010601227.html,Bloomberg,2023-10-23,negative,0.9573993682861328
144,PayPal's New Boss,"When PayPal Holdings reports third quarter earnings on Nov. 1, it'll give new Chief Executive Alex Chriss his first chance to lay out his turnaround strategy.",https://finance.yahoo.com/m/05189731-ff16-33e1-b077-dfead8ad1cb9/paypal-s-new-boss.html,Investor's Business Daily,2023-10-23,neutral,0.8100882768630981
145,Apple Supplier Foxconn Faces Chinese Investigations,"The Taiwan-based Apple supplier, whose founder is seeking the Taiwan presidency, said it is cooperating with Chinese authorities.",https://finance.yahoo.com/m/78a7b461-b9f6-3977-9e02-ec7ae825c7c0/apple-supplier-foxconn-faces.html,The Wall Street Journal,2023-10-23,neutral,0.5457832217216492
146,Prediction: 2 Magnificent Artificial Intelligence (AI) Growth Stocks That Will Join Apple and Microsoft in the $2 Trillion Club by 2033,"There's been a paradigm shift in AI this year, and these two stalwarts will be big players in the ongoing revolution.",https://finance.yahoo.com/m/97235c7d-510f-3aa6-8d9a-e7ed92098ffe/prediction-2-magnificent.html,Motley Fool,2023-10-23,positive,0.5442835688591003
147,China raids iPhone maker Foxconn as founder runs to be Taiwan president,Chinese officials have raided the offices of key Apple supplier Foxconn as the company’s founder prepares to run for the presidency of Taiwan.,https://finance.yahoo.com/news/china-raids-iphone-maker-foxconn-161107153.html,The Telegraph,2023-10-23,negative,0.8928970694541931
148,Retail investors can now bet on music royalties: 'We want people to have access',There's a new way to make money in the music industry — and it involves betting on your favorite songs.,https://finance.yahoo.com/news/retail-investors-can-now-bet-on-music-royalties-we-want-people-to-have-access-150221575.html,Yahoo Finance,2023-10-22,neutral,0.8956463932991028
149,'Quality over quantity': How Apple wants to lure sports fans to its streaming service,Apple has indicated it wants sports — but not just any sport.,https://finance.yahoo.com/news/quality-over-quantity-how-apple-wants-to-lure-sports-fans-to-its-streaming-service-114510539.html,Yahoo Finance,2023-10-22,neutral,0.935263454914093
150,"A grim week for Nvidia and Tesla, but Netflix triumphs: Weekly tech roundup",By Louis Juricic and Sarina Isaacs,https://finance.yahoo.com/news/grim-week-nvidia-tesla-netflix-101438050.html,Investing.com,2023-10-22,neutral,0.8455886244773865
151,"Meta, Amazon Earnings Put Stock Market to the Test","Investors are about to see whether the stock market has more fuel in the tank.  A group of tech stocks known as the Magnificent Seven has powered the S&P 500’s 2023 rally.  Most of those companies will open their books in the coming days, allowing investors to gauge whether big tech and the broader market have room to run.",https://finance.yahoo.com/m/f261c016-3a86-3a72-aa15-8b6c4ad774af/meta-amazon-earnings-put.html,The Wall Street Journal,2023-10-22,neutral,0.8089851140975952
152,"China launches investigation into iPhone maker Foxconn, says state media","China has launched an investigation into Apple iPhone maker Foxconn over tax and land use, Chinese state media reported on Sunday.  The Global Times, citing anonymous sources, said tax authorities inspected Foxconn’s sites in the provinces of Guangdong and Jiangsu and natural resources officials had inspected sites in Henan and Hubei.  Foxconn said it would co-operate with the investigation.",https://finance.yahoo.com/m/ef7845cb-b77d-3a6a-a968-bda3d6bac011/china-launches-investigation.html,Financial Times,2023-10-22,negative,0.5756626725196838
153,Google and Apple Want You to Log In With Passkeys. Here’s What That Means.,"Passwords are inherently flawed, so tech companies are turning to more secure logins that just require your face or fingerprint.",https://finance.yahoo.com/m/077374f3-9f6d-3313-8aa3-3285c798214a/google-and-apple-want-you-to.html,The Wall Street Journal,2023-10-22,neutral,0.553347110748291
154,"3 Stocks That Turned $1,000 Into $1.1 Million (or More)","Consumer products have proven themselves to be excellent long-term investment options.  Virtually nobody alive today was around to benefit directly from those initial public offerings (IPOs), so their history of growth is less beneficial to today's investors.  Three of the best examples of this growth over the last 30 years are Apple (NASDAQ: AAPL), Amazon (NASDAQ: AMZN), and Monster Beverage (NASDAQ: MNST).",https://finance.yahoo.com/m/de12bb6e-84d7-3c13-8c9b-25fb901e3e1b/3-stocks-that-turned-1-000.html,Motley Fool,2023-10-21,neutral,0.7821732759475708
155,Teens Want Parents to Track Their Phones and Monitor Their Every Move,"Downloads of  Life360  doubled in the U.S. since 2021.  Gen Z respondents to a recent survey from Life360 said they share their location when they drive, when they go on dates and when they attend concerts and other large gatherings.  Emery Littig’s biggest fear is being abducted.",https://finance.yahoo.com/m/221d3990-e1b6-3313-95ff-35f810f15617/teens-want-parents-to-track.html,The Wall Street Journal,2023-10-21,neutral,0.8407268524169922
156,Nearly $212 Billion of Warren Buffett's Portfolio Is Invested in These 3 Super-Reliable Dividend Stocks,"You might not think of Warren Buffett as a dividend investor.  Most of the stocks owned by Berkshire Hathaway (NYSE: BRK.A) (NYSE: BRK.B), though, do pay dividends.  In fact, nearly $212 billion of Buffett's portfolio is invested in these three super-reliable dividend stocks.",https://finance.yahoo.com/m/b6d5af58-d100-3780-bc0d-d09a95fddcac/nearly-212-billion-of-warren.html,Motley Fool,2023-10-21,neutral,0.946397066116333
157,This Stock-Split Stock Is Beating Both Apple and Microsoft in 2023 -- With No Artificial Intelligence (AI) Tailwind at All,"Apple (NASDAQ: AAPL) shares have soared close to 40%, while Microsoft (NASDAQ: MSFT) stock is up around 23%.  Investors' excitement about artificial intelligence (AI) has helped boost many tech stocks.  This stock-split stock is beating both Apple and Microsoft -- with no AI tailwind at all.",https://finance.yahoo.com/m/53150bcd-e86e-3aba-bca6-277c7f9fdcd5/this-stock-split-stock-is.html,Motley Fool,2023-10-21,positive,0.922474205493927
158,"Apple CEO Tim Cook meets Chinese vice-premier, renews commitment to China","Chinese Vice-Premier Ding Xuexiang and Apple CEO Tim Cook have met in Beijing, with both committing to Apple's participation in developing the country's digital economy and hi-tech supply chain, as the US tech giant attempts to shift its China narrative amid controversies over national security and censorship. After a quiet start, Cook's surprise China trip has ramped up over the past few days, to include meetings with Ding and other high ranking officials such as Ministry of Industry and Inform",https://finance.yahoo.com/news/apple-ceo-tim-cook-meets-093000314.html,South China Morning Post,2023-10-21,positive,0.8167938590049744
159,Top 20 Brands Among Gen Z in the US by Mindshare,"In this article, we will cover the top 20 brands among Gen Z in the US by Mindshare. If you want to skip our detailed analysis, you can directly go to Top 5 Brands Among Gen Z in the US by Mindshare. According to a report by McKinsey, Generation Z is the second youngest generation […]",https://finance.yahoo.com/news/top-20-brands-among-gen-085132253.html,Insider Monkey,2023-10-21,neutral,0.9470841288566589
160,Apple Stock Falls Again. What’s Behind the Losing Streak.,"Apple  stock fell for the sixth straight day on Friday.  Apple  (ticker: AAPL) stock finished 1.5% lower at $172.88.  This losing streak is the longest since January 2022, according to Dow Jones Market Data.",https://finance.yahoo.com/m/989f4b8e-67a4-30d6-a72f-407745d9821e/apple-stock-falls-again-.html,Barrons.com,2023-10-21,negative,0.9750033617019653
161,Apple Stock is on a Losing Streak,"$122 BILLION That's roughly how much market value Apple has lost over the last six trading sessions. Apple shares are set for their longest losing streak since January 2022. The stock, off more than 1% today, has fallen about 4% over the past six down sessions.",https://finance.yahoo.com/m/c5532d6a-a41f-387a-8687-bd16eec74ac4/apple-stock-is-on-a-losing.html,The Wall Street Journal,2023-10-21,negative,0.9726583361625671
162,"Top Stock Reports for Apple, Amgen & Becton, Dickinson","Today's Research Daily features new research reports on 12 major stocks, including Apple Inc. (AAPL), Amgen Inc. (AMGN) and Becton, Dickinson and Company (BDX).",https://finance.yahoo.com/news/top-stock-reports-apple-amgen-184100616.html,Zacks,2023-10-21,neutral,0.9475930333137512
163,How Does Apple Card Savings Compare to the Best Savings Account Rates?,Apple's savings account pays more than what your primary bank is probably paying. But it's still a lot less than you can earn from the best high-yield savings accounts.,https://finance.yahoo.com/m/e35c90b5-bdf9-3c61-a5a3-a84bc5c7e37f/how-does-apple-card-savings.html,Investopedia,2023-10-21,neutral,0.8134506940841675
164,"Apple bets on theater push, starting with Scorsese film","Apple Original Films (AAPL) is releasing Martin Scorsese's ""Killers of the Flower Moon"" in theaters this weekend as part of Apple's $1 billion push into box office premieres. Yahoo Finance’s Alexandra Canal reports on the possibility of more streamers moving toward theatrical releases and the financial benefits of this route. For more expert insight and the latest market action, click here to watch this full episode of Yahoo Finance Live.",https://finance.yahoo.com/video/apple-bets-1b-theater-push-163848600.html,Yahoo Finance Video,2023-10-21,neutral,0.840310275554657
165,Tesla Stock Had a Horrible Day. Here’s What Comes Next.,"Tesla  stock had another terrible day after earnings.  Tesla stock (ticker: TSLA) tanked for the third consecutive time after the electric-vehicle maker reported quarterly numbers.  Price cuts pushed operating profit margins below 8%, down almost 10 percentage points year over year.",https://finance.yahoo.com/m/52a05a5a-b8e9-3160-950b-e86153d3523c/tesla-stock-had-a-horrible.html,Barrons.com,2023-10-20,negative,0.9751675724983215
166,"""Magnificent Seven"" Earnings Underway: ETFs in Spotlight",The big seven companies are a big contributor to S&P earnings. Third-quarter earnings of this group of companies are expected to grow 34.9% from the same period last year on 11.2% higher revenues,https://finance.yahoo.com/news/magnificent-seven-earnings-underway-etfs-140500348.html,Zacks,2023-10-20,positive,0.9526696801185608
167,Dabbling In The Metaverse: Will It Pay Off For Meta Stock?,"As Meta stock bounces back, the company is hoping a new VR headset, smart glasses and AI chatbots can revive its metaverse push.",https://finance.yahoo.com/m/2379fe54-9cf5-3815-b7fd-9ef1904d3a9c/dabbling-in-the-metaverse-.html,Investor's Business Daily,2023-10-20,positive,0.8116586804389954
168,"China vice premier pushes for more Apple investment, cooperation","China's Vice Premier Ding Duexiang told Apple CEO Tim Cook the group was welcome to participate in developing China's digital economy, as Cook made a surprise visit to Beijing less than a month after the Chinese launch of its iPhone 15.  Cook's visit comes as competition between the U.S. tech giant and China's Huawei heats up in Apple's third-largest market, and as Beijing tightens oversight on security concerns.",https://finance.yahoo.com/news/china-vice-premier-pushes-more-123634551.html,Reuters,2023-10-20,positive,0.7487434148788452
169,"UPDATE 1-China vice premier pushes for more Apple investment, cooperation","China's Vice Premier Ding Duexiang told Apple CEO Tim Cook the group was welcome to participate in developing China's digital economy, as Cook made a surprise visit to Beijing less than a month after the Chinese launch of its iPhone 15.  Cook's visit comes as competition between the U.S. tech giant and China's Huawei heats up in Apple's third-largest market, and as Beijing tightens oversight on security concerns.",https://finance.yahoo.com/news/1-china-vice-premier-pushes-123327751.html,Reuters,2023-10-20,positive,0.7253730297088623
