,title,desc,url,source,date
0,The Nasdaq's fallen into a correction – what investors should consider,The Nasdaq is down — but investors should focus on quality companies in the tech heavy index.,https://finance.yahoo.com/news/the-nasdaqs-fallen-into-a-correction--what-investors-should-consider-123057423.html,Yahoo Finance,2023-10-29
1,Amazon And Intel Just Showed the Cloud Industry Is Turning Around,Investors were looking for confirmation of Microsoft's good or Google's bad cloud numbers. Both Amazon and Intel seemed to deliver a more positive picture.,https://finance.yahoo.com/m/27f7d46c-d0ff-36a8-8b79-e369008ee5e2/amazon-and-intel-just-showed.html,Motley Fool,2023-10-29
2,"Big Bank Bought Up Apple, Tesla, AT&T, and Microsoft Stock","The Czech National Bank raised its investments in shares of Apple, Tesla, AT&T, and Microsoft by about 50% in the third quarter.",https://finance.yahoo.com/m/cb354b51-f1fc-3a07-8bd4-bfbe4a9aa031/big-bank-bought-up-apple-.html,Barrons.com,2023-10-29
3,"Dow Jones Futures: Apple, Fed Loom For Market Correction; Microsoft Leads Stocks To Watch","The market correction has intensified, with Apple earnings and a Fed meeting on tap. Microsoft leads four big techs with these bullish traits.",https://finance.yahoo.com/m/21852c5b-4482-359c-a629-228906af0792/dow-jones-futures-apple-fed.html,Investor's Business Daily,2023-10-29
4,"The Best Stocks to Invest $1,000 in Right Now","When seeking out the best stocks, investors should be keeping an eye on at least several key traits in a company.  With as little as $1,000, investors can consider the two stocks below.  Tech giant Microsoft (NASDAQ: MSFT) and up-and-comer Datadog (NASDAQ: DDOG) may be on opposite ends of the spectrum in size, but both show strong promise ahead.",https://finance.yahoo.com/m/cf6e3f45-ea21-32a9-a86e-07281f1a6c18/the-best-stocks-to-invest.html,Motley Fool,2023-10-29
5,Arm-Based PCs Aren't All Bad News for Intel,"Up until a few years ago, PCs almost exclusively ran on x86-based chips from Intel (NASDAQ: INTC) or AMD, not Arm-based chips using Arm Holdings' (NASDAQ: ARM) technology.  In 2020, Apple officially made the switch from Intel CPUs to its own home-grown Arm-based chips for its Mac computers.  The first attempt, Windows RT, was a disaster.",https://finance.yahoo.com/m/f890a885-0334-3b6b-a32a-19114d658601/arm-based-pcs-aren-t-all-bad.html,Motley Fool,2023-10-29
6,"Microsoft Is Crushing Google in a Massive Market, and AI Is a Big Reason Why","Microsoft moved higher Wednesday after it beat estimates on the top and bottom lines, and offered solid guidancefor the fiscal second quarter.  Alphabet, on the other hand, also beat estimates, but the company posted weaker-than-expected growth in Google Cloud, leading to a sharp sell-off on Wednesday.  The performance was particularly disappointing compared to the results from Microsoft's Azure cloud-infrastructure service.",https://finance.yahoo.com/m/41f3be43-08c0-374b-9d78-f47fbe1a4569/microsoft-is-crushing-google.html,Motley Fool,2023-10-29
7,3 Stock-Split Stocks Due for Another Split,"Stock splits have become more common with tech stocks in recent years, even though such actions change little on the surface.  Additionally, many stocks grew after stock splits, so much so that they may need another split.  To that end, investors may want to look at Microsoft (NASDAQ: MSFT), Adobe (NASDAQ: ADBE), and Booking Holdings (NASDAQ: BKNG) as possible candidates for an additional split.",https://finance.yahoo.com/m/11f4b988-cd2d-3614-8e49-60ad34396700/3-stock-split-stocks-due-for.html,Motley Fool,2023-10-29
8,"Microsoft Looks Unstoppable, but There's 1 Reason for Caution","Enterprise software and cloud behemoth Microsoft (NASDAQ: MSFT) just reported some of its best financial results in years, with growth reaccelerating and artificial intelligence (AI) only just beginning to add to its top and bottom lines.",https://finance.yahoo.com/m/0323d409-2acc-3e9f-943a-2b56c07724dd/microsoft-looks-unstoppable-.html,Motley Fool,2023-10-29
9,Tech Earnings Were Strong. Why Stocks Slipped Into a Correction Anyway.,"Generative AI is a high-stakes, no-limit poker game that requires not just capital but also labor—mainly costly coders.",https://finance.yahoo.com/m/10db3785-4565-3c26-a5ea-c2e5905db8b0/tech-earnings-were-strong-.html,Barrons.com,2023-10-29
10,Jim Cramer’s 14 Best of Breed Stocks,"In this article, we will take a look at the Jim Cramer’s 14 best of breed stocks. To see more such companies, go directly to Jim Cramer’s 5 Best of Breed Stocks. Investing is getting harder by the day amid rising volatility and complex market dynamics. There was a time when investors used to choose […]",https://finance.yahoo.com/news/jim-cramer-14-best-breed-173832317.html,Insider Monkey,2023-10-29
11,"Bill Gates Turns 68: His Top 10 Quotes on Money, Success and Life","Bill Gates is an avid blogger and social media user, recommending books every Christmas and hosting ""Ask Me Anything"" sessions once a year on Reddit.",https://finance.yahoo.com/news/bill-gates-turns-68-top-160025175.html,Observer,2023-10-29
12,Microsoft Leads These 5 Dow Jones Stocks Near Buy Points,"Microsoft, one of just two Magnificent Seven stocks to move higher last week, leads this watchlist of five Dow Jones stocks. near buy points.",https://finance.yahoo.com/m/31cc8ec7-ed70-37ab-b2fc-6e586b7d2009/microsoft-leads-these-5-dow.html,Investor's Business Daily,2023-10-29
13,"1 Magnificent Stock on Its Way to Join Apple, Microsoft, Amazon, Alphabet, and Nvidia in the $1 Trillion Club","Apple was the first company ever to achieve a $1 trillion valuation in 2018, and it was recently worth as much as $3 trillion.  One of those missteps was a relentless focus on virtual reality and the metaverse, despite the projects generating little revenue and burning tens of billions of dollars in cash.",https://finance.yahoo.com/m/6b1c1cd5-973a-33d3-b77e-bdab04df7a00/1-magnificent-stock-on-its.html,Motley Fool,2023-10-28
14,ETFs Highly Exposed to the 'Magnificent 7' Have Been Pummeled Amid a Tech Selloff,Lackluster earnings and soaring Treasury yields have dragged down big tech stocks and the ETFs exposed to them.,https://finance.yahoo.com/m/0a90d771-6a07-39d0-8218-f658260e181b/etfs-highly-exposed-to-the.html,Investopedia,2023-10-28
15,1 Metaverse Stock to Buy Right Now,Looking to double-dip in the hottest headline generators in recent memory? This tech giant is mastering both AI and the metaverse.,https://finance.yahoo.com/m/3b528012-6a40-3113-80d8-64c045a819c3/1-metaverse-stock-to-buy.html,Motley Fool,2023-10-28
16,Microsoft Stock: Bear vs. Bull,"Microsoft (NASDAQ: MSFT) posted its latest earnings report on Oct. 24.  Microsoft's headline numbers were impressive, but does the stock still have room to run after rallying nearly 40% already this year?  During the first quarter, Microsoft generated 43% of its revenue from its Intelligent Cloud segment, which houses Azure's cloud infrastructure platform, its other cloud services, and its other server products.",https://finance.yahoo.com/m/8879e89c-0e6f-3783-a748-6b1cc0fbf2a0/microsoft-stock-bear-vs-bull.html,Motley Fool,2023-10-28
17,10 Fastest Growing Regions in the World,"In this article, we will be carrying out a global growth analysis in terms of economic output as well as population, while covering the 10 fastest growing regions in the world. If you wish to skip our detailed analysis, you can move directly to the 5 Fastest Growing Regions in the World. The Global Economic […]",https://finance.yahoo.com/news/10-fastest-growing-regions-world-105319906.html,Insider Monkey,2023-10-28
18,Weekly Roundup,We made several ratings changes -- including an upgrade for Microsoft and Alphabet -- and a couple trades.,https://finance.yahoo.com/m/cc156796-45bd-349c-b721-687fc6b01ed5/weekly-roundup.html,TheStreet.com,2023-10-28
19,Nearly Tripled Profits Show Amazon Still Got It,"On Thursday, the e-commerce titan Amazon.com Inc (NASDAAQ: AMZN) joined Microsoft Corporation (NASDAQ: MSFT), Alphabet (NASDAQ: GOOG)(NASDAQ: GOOGL) and Meta Platforms (NASDAQ: META) in showing Big Tech is defying macroeconomic challenges as it continues its comeback after a rocky 2022. Amazon Rebounds After A Tough Year Last year, Amazon was dealing with a weakened demand as pandemic restrictions eased while unfavorable macroeconomic factors, i.e. inflation, restricted consumers’ wallets. But 2",https://finance.yahoo.com/news/nearly-tripled-profits-show-amazon-190821663.html,Benzinga,2023-10-28
20,The Government's Case Against Google and How AI May Be Affecting Hiring,Google's exclusive deals with Apple and how lucrative those deals were for Apple.  Motley Fool host Mary Long caught up with Motley Fool analyst Sanmeet Deo for a chat about airport security stock Clear Secure and the race to the front of the line.,https://finance.yahoo.com/m/37324e8e-a92f-3cdc-818e-9fc4d7a43733/the-government-s-case-against.html,Motley Fool,2023-10-28
21,Should You Buy Pureplay Cloud ETFs Instead of Single Stock Picking?,"Three big tech companies -- Microsoft, Alphabet and Amazon -- are at the forefront on the cloud and AI business. But they see uneven cloud and AI growth. Should you thus buy cloud ETFs instead of single stock picking?",https://finance.yahoo.com/news/buy-pureplay-cloud-etfs-instead-170000179.html,Zacks,2023-10-28
22,"Stock Market Correction Intensifies; Google, Meta, Microsoft, Amazon Are Big Earnings Movers: Weekly Review","The stock market correction intensified, with the major indexes all hitting fresh lows. Microsoft, Google, Amazon and Meta led key earnings.",https://finance.yahoo.com/m/76b1de8c-6274-3c68-b406-132430fa0de8/stock-market-correction.html,Investor's Business Daily,2023-10-28
23,Nvidia Stock Is Down After Big Tech Reports Earnings -- Could Artificial Intelligence (AI) Spending Be Slowing Down?,"In today's video, I discuss recent updates affecting Nvidia (NASDAQ: NVDA) and recent commentary from Alphabet (NASDAQ: GOOGL) (NASDAQ: GOOG), Microsoft (NASDAQ: MSFT), and Meta Platforms (NASDAQ: META).",https://finance.yahoo.com/m/ce993eaa-06ae-30ac-9d1b-76ebf9daa8eb/nvidia-stock-is-down-after.html,Motley Fool,2023-10-27
24,"Stocks To Buy And Watch: Top IPOs, Big And Small Caps, Growth Stocks",Build and maintain your watch list with the latest news and analysis of the market's top-rated growth stocks.,https://finance.yahoo.com/m/6c5668d6-05c3-37a6-8af6-c6146e6b299b/stocks-to-buy-and-watch-top.html,Investor's Business Daily,2023-10-27
25,Can QQQ Buck the Trend of Index ETFs Giving Up All Their Summer Gains?,"Microsoft  gave back all its earnings excitement in two days of trading.  Alphabet  , which along with Microsoft are holdings of the Action Alerts PLUS portfolio, is down roughly 12% two days after reporting.  Ironically, the Russell 2000 closed the day higher.",https://finance.yahoo.com/m/e8bae83f-ea58-34d2-8a25-42490f04105f/can-qqq-buck-the-trend-of.html,TheStreet.com,2023-10-27
26,"Dow Jones Futures Fall, Techs Bounce On Amazon Amid Market Correction",Futures rose late as:Amazon jumped on earnings and AI comments. The market correction worsened Thursday as tech titans led the way.,https://finance.yahoo.com/m/78f21b2a-e6cb-3a1d-8e2b-dec7eeaa1625/dow-jones-futures-fall-techs.html,Investor's Business Daily,2023-10-27
27,Microsoft: This 'Magnificent Seven' Stock Also Is The Best ESG Company,"Microsoft, a leader in cloud computing and AI, has been recognized for its outstanding ESG performance, topping the IBD 100 Best ESG Companies list.",https://finance.yahoo.com/m/b86e9b64-c87d-3da6-8a5d-edb4e4bafbfc/microsoft-this-magnificent.html,Investor's Business Daily,2023-10-27
28,ESG Sustainability Data Becomes Key Tool For Investors And Companies,IBD’s 2023 list of the Best 100 ESG Companies helps investors find stocks with high ESG scores and great technical and fundamental ratings.,https://finance.yahoo.com/m/c3d74001-22a2-389b-9e8b-7b3d1f9c9f8b/esg-sustainability-data.html,Investor's Business Daily,2023-10-27
29,"If I Could Only Buy 1 Stock Right Now, This Would Be It","Microsoft (NASDAQ: MSFT) emerged as one of the most exciting AI companies in 2023 thanks to a lucrative partnership with the firm behind ChatGPT and endless opportunities to monetize its AI venture.  As the world's second-most valuable company with a market capitalization of $2.5 trillion, Microsoft has a long history of rewarding patient investors.  Consistent growth and a promising outlook make Microsoft's stock an attractive option.",https://finance.yahoo.com/m/8cc3c681-e3f3-3848-b96d-1d930bc4f0dd/if-i-could-only-buy-1-stock.html,Motley Fool,2023-10-27
30,Microsoft Just Beat Google on This 1 Important Metric,"The debut of ChatGPT late last year illustrated the potential productivity gains made possible by large-language models and the resulting development of generative AI.  More-conservative predictions from Morgan Stanley and Goldman Sachs estimate the market opportunity at $6 trillion and $7 trillion, respectively, by the end of the decade.  Microsoft (NASDAQ: MSFT) and Alphabet (NASDAQ: GOOGL)(NASDAQ: GOOG) are both working to stake a claim for AI supremacy in the cloud, and while that battle is far from over, Microsoft has taken an early lead.",https://finance.yahoo.com/m/52dd3710-99fd-3371-9856-cb6a563b246b/microsoft-just-beat-google-on.html,Motley Fool,2023-10-27
31,"The Zacks Analyst Blog Highlights Microsoft, Amazon.com, Alphabet and NVIDIA","Microsoft, Amazon.com, Alphabet and NVIDIA are included in this Analyst Blog.",https://finance.yahoo.com/news/zacks-analyst-blog-highlights-microsoft-110800866.html,Zacks,2023-10-27
32,"The Zacks Analyst Blog Highlights Microsoft, Novo Nordisk A/S and Lowe's","Microsoft, Novo Nordisk A/S and Lowe's are included in this Analyst Blog.",https://finance.yahoo.com/news/zacks-analyst-blog-highlights-microsoft-105000036.html,Zacks,2023-10-27
33,Factors to Note Ahead of Lumen's (LUMN) Q3 Earnings Release,Lumen's (LUMN) Q3 performance is likely to have been hurt by a time-consuming digital transformation process. Continued investments in Quantum Fiber and enterprise businesses are positive.,https://finance.yahoo.com/news/factors-note-ahead-lumens-lumn-104200663.html,Zacks,2023-10-27
34,Amazon rallies on cloud recovery as it chases Microsoft for AI business,"(Reuters) -Amazon.com rose 7% on Friday on a pick up in growth at its most profitable cloud business as it aims for a larger share of the booming artificial intelligence market in a race with Microsoft.  The e-commerce giant was on track to add almost $90 billion to its market capitalization based on its last traded share price of $128.  Smaller cloud rival Microsoft rose 1.5%, while Alphabet was down about 1.3%.",https://finance.yahoo.com/news/amazon-rallies-cloud-recovery-chases-103731042.html,Reuters,2023-10-27
35,Where Will Microsoft Stock Be in 3 Years?,Microsoft (NASDAQ: MSFT) has rewarded investors nicely in 2023.  Microsoft released fiscal 2024 first-quarter results (for the three months ended Sept. 30) on Oct. 24.  Microsoft's earnings jumped 27% year over year to $2.99 per share on a revenue jump of 13% to $56.5 billion.,https://finance.yahoo.com/m/0f0a2f28-f69d-3d94-bd94-06347e06a8d0/where-will-microsoft-stock-be.html,Motley Fool,2023-10-27
36,Amazon Beefs Up Bottom Line as AI Battle Shapes Up,Record earnings should help the e-commerce titan compete with Microsoft and Google’s deeper pockets.,https://finance.yahoo.com/m/1baf2871-5832-3e06-8b0b-b51155dfad79/amazon-beefs-up-bottom-line.html,The Wall Street Journal,2023-10-27
37,Here's What Satya Nadella Just Said That Should Have Artificial Intelligence (AI) Investors Buying Microsoft Stock Hand Over Fist,"Investors are looking for ways to profit from the AI gold rush, but there have been very few sure things -- until now.",https://finance.yahoo.com/m/27e58903-f518-3a2b-b039-cd27f3204875/here-s-what-satya-nadella.html,Motley Fool,2023-10-27
38,2 Magnificent AI Growth Stocks That Could Be Headed for Stock Splits -- and Fantastic Returns,"While these moves to spread a company's valuation out over a larger number of shares don't do anything to change the material nature of the business or its real value, lower per-share prices can make stocks more appealing -- and in some cases, more accessible -- to retail investors.  With artificial intelligence (AI) powering explosive gains for top players in the space, it's possible that some big names are on the verge of implementing new stock splits.  In that vein, two Motley Fool contributors think Nvidia (NASDAQ: NVDA) and Microsoft (NASDAQ: MSFT) could carry out stock splits in the not-too-distant future -- and also deliver stellar performances over the long term.",https://finance.yahoo.com/m/5dc0330a-5f02-329f-a8d3-3014e6e77270/2-magnificent-ai-growth.html,Motley Fool,2023-10-27
39,Amazon’s Cloud Business Has Its Challengers. Analysts Think AI Is Key to Staying Dominant.,Amazon rallies after CEO Andy Jassy says the company's cloud-computing business won large contracts in the third quarter. Wall Street is looking for AI to drive future cloud growth.,https://finance.yahoo.com/m/3c5b1358-19d8-39c3-9781-5141dadac8f3/amazon%E2%80%99s-cloud-business-has.html,Barrons.com,2023-10-27
40,1 Trillion-Dollar Artificial Intelligence (AI) Stock to Buy Like It's Going Out of Style,"Microsoft (NASDAQ: MSFT) was founded in 1975, and now, it's the world's second-largest company, with a valuation of $2.5 trillion.  Microsoft started out as a software provider, and its Windows operating system is still used by billions of people today.  AI is perhaps Microsoft's greatest opportunity, and it has spent much of this year weaving the technology throughout its product portfolio.",https://finance.yahoo.com/m/6c34266d-bb98-338c-8576-410bd74e2cb7/1-trillion-dollar-artificial.html,Motley Fool,2023-10-27
41,"Microsoft’s Cloud Recovery Is Outshining Rivals Amazon, Google","(Bloomberg) -- In the race to rebound from a two-year slowdown in spending on cloud computing, Microsoft Corp. is pulling ahead of its chief rivals, Amazon.com Inc. and Google. Most Read from BloombergIsrael Latest: Air Force Drops Leaflets Urging Hamas SurrenderCanada Plans College Crackdown Amid Foreign Student TroublesIsrael Warns of ‘Long’ War as Invasion of Gaza Strip BeginsGM Hit With More Strikes While Stellantis Reaches Deal With UAWHow This Israel-Hamas Conflict Is Like Nothing That’s H",https://finance.yahoo.com/news/microsoft-cloud-recovery-outshining-rivals-034947906.html,Bloomberg,2023-10-27
42,Amazon’s Profit Triples as Sales Show Resilience Leading Into Holidays,"The company’s revenue increased by 13% to $143.1 billion for its third quarter, beating Wall Street expectations.",https://finance.yahoo.com/m/b9861241-ec94-3909-afdc-7af77ea9e149/amazon%E2%80%99s-profit-triples-as.html,The Wall Street Journal,2023-10-27
43,Investors demand AI adoption proof amid hype: Fmr. Cisco CEO,"The AI buzz has turned a new leaf as companies move from expressing interest in the trend to investors expecting results from adoption. Former Cisco Executive Chairman and CEO John Chambers joins Yahoo Finance's Brian Sozzi to break down what investors should consider and how tech companies — both big and small — have to do to get ahead of the game. Chambers insists that AI is essential, stating “those companies that get AI right are going to see explosive growth."" Investors are making “careful selection[s]” and in order to stand out, there has to be a strong incorporation strategy, Chambers notes, later echoing ""this is the decade of AI"" and the trend shouldn't be a cause for concern or fear. Click here to watch the full interview on the Yahoo Finance YouTube page or you can watch this full episode of Yahoo Finance Live here.",https://finance.yahoo.com/video/investors-demand-ai-adoption-proof-231246532.html,Yahoo Finance Video,2023-10-27
44,Bitcoin vs. Ethereum: What’s the Difference?,"Comparing Bitcoin vs. Ethereum shows that ether's surging popularity has made it a potent competitor token to bitcoin, even with less market cap and volume.",https://finance.yahoo.com/m/b7087e1b-c3a2-3e0b-90b5-18bc33d715d7/bitcoin-vs-ethereum-what%E2%80%99s.html,Investopedia,2023-10-27
45,Big Tech Sheds $386 Billion in Value as Earnings Disappoint,"(Bloomberg) -- The so-called Magnificent Seven technology companies that have powered this year’s US stock rally are posting disappointing earnings, wiping about $386 billion off their market value and threatening to push the S&P 500 into a correction.Most Read from BloombergChina’s Ex-Premier Li Keqiang, a Reformer Sidelined by Xi, DiesIsrael Latest: US Strikes Two Iran-Linked Facilities in SyriaHouse Speaker Mike Johnson’s First Big Bill Cuts Biden’s Climate Change FundingTech Giants Signal Re",https://finance.yahoo.com/news/big-tech-disappointing-earnings-erase-091139519.html,Bloomberg,2023-10-27
46,Microsoft Replaces Longtime CMO as It Enters ‘New Era of AI’,"Cloud marketing veteran Takeshi Numoto is taking over from Chris Capossela, who is leaving the tech giant after 32 years.",https://finance.yahoo.com/m/dd23417f-585e-3e52-bb9d-ad2ec3a2e364/microsoft-replaces-longtime.html,The Wall Street Journal,2023-10-27
47,Dow Jones Dives 252 Points As Magnificent 7 Get Hit; Meta Stock Plunges On Israel-Hamas Warning,The Dow Jones fell as Magnificent 7 names like Apple and Tesla stock dived. Meta plunged on an Israel-Hamas warning. Amazon earnings beat.,https://finance.yahoo.com/m/4d3f489c-e799-301d-b195-ec839b6f78cb/dow-jones-dives-252-points-as.html,Investor's Business Daily,2023-10-27
48,Nasdaq falls into correction territory as markets slip on disappointing tech earnings,US stocks fell on Thursday under the pressure of disappointing third-quarter results from Big Tech companies and high Treasury yields.,https://finance.yahoo.com/news/us-markets-sink-tech-stocks-133825141.html,CNN Business,2023-10-27
49,"UPDATE 6-Amazon's cloud stabilizing, shoppers cautious heading into holiday season","Amazon.com on Thursday said growth in its cloud business is stabilizing as it signed new deals, but warned that consumers remained wary about spending going into the holiday quarter.  The company predicted a rise in revenue over the key holiday season that could still miss Wall Street expectations, as it reported strong third quarter results buoyed by a recent marketing blitz and faster delivery.  Facing an array of challenges to its business, Amazon is trying to keep its mantle as the world's biggest cloud provider and online retailer.",https://finance.yahoo.com/news/2-amazon-predicts-bright-holiday-202456918.html,Reuters,2023-10-27
50,Q3 Earnings Season Scorecard - Earnings Growth Turns Positive,"Today's Research Daily features real-time scorecard of the Q3 earnings season in addition to Microsoft (MSFT), Novo Nordisk (NVO), Lowe's (LOW) and others.",https://finance.yahoo.com/news/q3-earnings-season-scorecard-earnings-183600497.html,Zacks,2023-10-27
51,Amazon’s $400 Billion Rally Hinges on Cloud Results: Tech Watch,"(Bloomberg) -- Amazon.com Inc.’s run as one of the best stocks this year will likely come down to the performance of a single business line: cloud computing.Most Read from BloombergLi Keqiang, China’s Second-Most Powerful Man for a Decade, Suddenly DiesIsrael Latest: US Strikes Two Iran-Linked Facilities in SyriaTech Giants Signal Rebound as Amazon, Intel Rally: Markets WrapControversial Chip in Huawei Phone Produced on ASML MachineHouse Speaker Mike Johnson’s First Big Bill Cuts Biden’s Climate",https://finance.yahoo.com/news/amazon-400-billion-rally-hinges-095121748.html,Bloomberg,2023-10-27
52,Microsoft Looks at User Protection After Log-in,"Microsoft wants to protect the cloud after log-in. The company filed a patent application for a system to detect ""anomalous...",https://finance.yahoo.com/m/c38ef532-6f27-320e-998f-9cf039387cc6/microsoft-looks-at-user.html,Motley Fool,2023-10-27
53,"Dow Jones Falls After GDP, Jobless Claims; Meta Stock Dives On Earnings, Amazon Next",The Dow Jones dropped Thursday after jobless claims and GDP data. Meta dived on earnings. And Amazon earnings are next.,https://finance.yahoo.com/m/fdbd57b9-c309-3c04-849b-f1d24bc92f34/dow-jones-falls-after-gdp-.html,Investor's Business Daily,2023-10-26
54,"Microsoft upgraded, F5 Networks downgraded: Wall Street's top analyst calls","Microsoft upgraded, F5 Networks downgraded: Wall Street's top analyst calls",https://finance.yahoo.com/news/microsoft-upgraded-f5-networks-downgraded-135610708.html,The Fly,2023-10-26
55,"Company News for Oct 26, 2023","Companies in The News Are: GD, CB, MSFT, CMS",https://finance.yahoo.com/news/company-news-oct-26-2023-132800046.html,Zacks,2023-10-26
56,Sony: You'll finally be able to buy a PS5 this holiday season,Sony is expecting to have more than enough PlayStation 5 consoles to go around this holiday season.,https://finance.yahoo.com/news/sony-youll-finally-be-able-to-buy-a-ps5-this-holiday-season-130157724.html,Yahoo Finance,2023-10-26
57,Sony Sees a ‘Really Strong’ Holiday For PlayStation 5 Sales. Spider-Man 2 Is a Big Reason.,"""We’re expecting one of the strongest seasons in our history in terms of console sales,"" Sony's Eric Lempel says.",https://finance.yahoo.com/m/1ec22067-b2b3-31c6-b7a0-c2f89dc53402/sony-sees-a-%E2%80%98really-strong%E2%80%99.html,Barrons.com,2023-10-26
58,What's in Store for Microsoft (MSFT) After Blowout Earnings?,"Strength in the Azure cloud computing unit is expected to provide sizeable revenues to Microsoft (MSFT), and help the company post stellar earnings shortly.",https://finance.yahoo.com/news/whats-store-microsoft-msft-blowout-124000065.html,Zacks,2023-10-26
59,Q3 2023 ServiceNow Inc Earnings Call,Q3 2023 ServiceNow Inc Earnings Call,https://finance.yahoo.com/news/q3-2023-servicenow-inc-earnings-123708594.html,Thomson Reuters StreetEvents,2023-10-26
60,"The Ugly Stick, Pop Goes the Yield Curve, S&P Danger, Trading Microsoft, Netflix","The ugly stick was out and about on Wednesday.  The Nasdaq Composite surrendered more ground on Wednesday than it had gained on two successive ""up"" days on Monday and Tuesday.  Why does that late-July high of 2,003 for the small-cap index remind me of O.J. Simpson shredding the New York Jet defense in the snow at Shea Stadium 50 years ago this December?",https://finance.yahoo.com/m/1ac8868c-2231-3c86-a8ac-0bb392b7ecc5/the-ugly-stick-pop-goes-the.html,TheStreet.com,2023-10-26
61,12 Best Dow Jones Dividend Stocks According to Hedge Funds,"In this article, we discuss 12 best Dow Jones dividend stocks according to hedge funds. You can skip our detailed analysis of dividend stocks and their performance, and go directly to read 5 Best Dow Jones Dividend Stocks According to Hedge Funds. The Dow Jones Industrial Average, often simply referred to as the Dow, is […]",https://finance.yahoo.com/news/12-best-dow-jones-dividend-120837548.html,Insider Monkey,2023-10-26
62,"Dow Jones Futures Fall: Meta Extends S&P 500, Nasdaq Sell-Off After Google Dive",The S&P 500 and Nasdaq rally attempts are over as Google dived. Meta reversed lower after hours with Amazon on tap.,https://finance.yahoo.com/m/cd1cb474-2142-3c4e-89e5-48d361f79f69/dow-jones-futures-fall-meta.html,Investor's Business Daily,2023-10-26
63,Is Microsoft Corporation's (NASDAQ:MSFT) Latest Stock Performance A Reflection Of Its Financial Health?,Most readers would already be aware that Microsoft's (NASDAQ:MSFT) stock increased significantly by 9.1% over the past...,https://finance.yahoo.com/news/microsoft-corporations-nasdaq-msft-latest-120232960.html,Simply Wall St.,2023-10-26
64,Intel's Turnaround Was Just Dealt a Devastating Blow,"Intel (NASDAQ: INTC) is in the midst of a massive turnaround plan -- one that includes catching up to rivals in CPU technology, inventing new AI-related platforms via its Gaudi accelerators, and building out a massive foundry for third-party chip manufacturing.  In fact, it actually faces three big challenges, all coming at once for its cash-cow PC business -- and that could put its whole turnaround plan in jeopardy.  This week, Reuters reported that both Nvidia (NASDAQ: NVDA) and Advanced Micro Devices (NASDAQ: AMD) were ""quietly"" developing a PC processor based on the Arm Holdings (NASDAQ: ARM) architecture, which would run on the Microsoft (NASDAQ: MSFT) Windows operating system.",https://finance.yahoo.com/m/5fb6f57b-715d-3e39-84f5-26f42d681c33/intel-s-turnaround-was-just.html,Motley Fool,2023-10-26
65,The Case to Break Up Google Hinges on Four Taps and a Swipe,"(Bloomberg) -- The core of the US government’s argument that Google is an illegal monopoly is a process that involves, on an iPhone, exactly four taps and a swipe. That’s what it takes to switch search engines. To explain it step by step, prosecutors called to the witness stand on Sept. 26 one of Apple Inc.’s most powerful executives, Eddy Cue.Most Read from BloombergIsrael Latest: Air Force Drops Leaflets Urging Hamas SurrenderCanada Plans College Crackdown Amid Foreign Student TroublesIsrael W",https://finance.yahoo.com/news/case-break-google-hinges-four-110016090.html,Bloomberg,2023-10-26
66,3 No-Brainer Stocks I'd Buy Right Now Without Hesitation,"These companies have decades of offering stockholders consistent growth, making them attractive buys at almost any time.",https://finance.yahoo.com/m/4983f386-3ad8-3b7f-99c7-d10918cbd589/3-no-brainer-stocks-i-d-buy.html,Motley Fool,2023-10-26
67,Here's What Sundar Pichai Just Said That Makes Google Stock a No-Brainer Buy on the Dip,The big sell-off following Google parent Alphabet's Q3 results presents a great buying opportunity.,https://finance.yahoo.com/m/a28d4214-e8ae-38a5-8c50-eb03cf490533/here-s-what-sundar-pichai.html,Motley Fool,2023-10-26
68,Big Tech earnings drove a stock market rally. They won't be enough this time.,"Mixed results from Big Tech companies like Microsoft, Alphabet, and Meta won't be enough to pull stocks out of their yield-driven rut.",https://finance.yahoo.com/news/big-tech-earnings-drove-a-stock-market-rally-they-wont-be-enough-this-time-093005507.html,Yahoo Finance,2023-10-26
69,"Zacks Earnings Trends Highlights: Microsoft, Alphabet, Meta and Amazon","Microsoft, Alphabet, Meta and Amazon have been highlighted in this Earnings Trends article.",https://finance.yahoo.com/news/zacks-earnings-trends-highlights-microsoft-082900832.html,Zacks,2023-10-26
70,Adobe scores pair of upgrades; Microsoft called a buy on Q3: 4 big analyst picks,"Here is your Pro Recap of the biggest analyst picks you may have missed since yesterday: upgrades at Microsoft, Adobe, Snap, and Live Nation Entertainment.  Oppenheimer and DA Davidson both upgraded Adobe Systems (NASDAQ:ADBE) to buy-equivalent ratings.  Oppenheimer stamped the stock with a $660 price target, about 25% higher than Wednesday's close.",https://finance.yahoo.com/news/adobe-scores-pair-upgrades-microsoft-054917754.html,Investing.com,2023-10-26
71,INSIGHT-China rushes to swap Western tech with domestic options as U.S. cracks down,"China has stepped up spending to replace Western-made technology with domestic alternatives as Washington tightens curbs on high-tech exports to its rival, according to government tenders, research documents and four people familiar with the matter.  Reuters is reporting for the first time details of tenders from the government, military and state-linked entities, which show an acceleration in domestic substitution since last year.  China has spent heavily on replacing computer equipment, and the telecom and financial sectors are probably the next target, said two people familiar with the industries.",https://finance.yahoo.com/news/insight-china-rushes-swap-western-010000386.html,Reuters,2023-10-26
72,The Earnings Picture Continues to Improve,"Given the emerging consensus on the 'soft-landing' outlook, one can expect this favorable turn in the overall earnings picture to strengthen further as companies report Q3 results and share trends in underlying business.",https://finance.yahoo.com/news/earnings-picture-continues-improve-230300208.html,Zacks,2023-10-26
73,Microsoft Stock: AI Tailwind Sets the Scene for Further Gains,"Tuesday saw Microsoft (NASDAQ:MSFT) putting any doubts about Cloud growth to rest with a strong fiscal first-quarter (September quarter) report that exceeded all expectations. Specifically, the tech giant delivered revenues of $56.5 billion, amounting to a 12.8% year-over-year increase while coming in ahead of the Street’s call by $1.95 billion. At the other end of the spectrum, EPS of $2.99 comfortably beat the Street’s $2.65 estimate. Productivity and Business Processes revenue reached $18.59",https://finance.yahoo.com/news/microsoft-stock-ai-tailwind-sets-225837278.html,TipRanks,2023-10-26
74,Qualcomm CEO on new chip: AI 'evolving different' than cloud,"Qualcomm (QCOM) announced a new AI chip — its Snapdragon Elite X — for Windows-operating laptops (MSFT). According to performance tests, the chip matches the peak performances of both Apple's (AAPL) M2 chip and Intel's (INTC) i9-13980Hx. The chip will make its debut next year, along with other new products announced at the Snapdragon Summit in Hawaii. Qualcomm CEO Cristiano Amon joins Yahoo Finance to discuss the new chip and what the company's plans are moving forward in the mobile processing space. ""Our company has been very focused in diversifying and generating growth to other end markets for Qualcomm beyond mobile. If we look at what's happening with the PC right now, we see too many drivers of innovation and change,"" Amon says. ""The PC is becoming a communication device, the PC is becoming more mobile, more portable, and you have [generative] AI which is changing a lot of the use cases and experience. So for us, it's an incredible growth opportunity."" For more expert insight and the latest market action, click here to watch this full episode of Yahoo Finance Live.",https://finance.yahoo.com/video/qualcomm-ceo-chip-ai-evolving-205340587.html,Yahoo Finance Video,2023-10-26
75,Microsoft Stock Jumps After Earnings Beat. The Cloud Looks Strong.,"Microsoft  shares traded higher after the company posted better-than-expected financial results for its September quarter, aided by better performance than expected from the company’s cloud computing business.  The software firm posted revenue of $56.5 billion, up 13% from a year ago, and $2 billion ahead of Wall Street estimates.  Importantly, the company’s Azure cloud business grew 28% on a constant currency basis in the quarter, well above the company’s forecast for growth of 25% to 26%; on a GAAP basis Azure grew 29%.",https://finance.yahoo.com/m/77865c88-9c65-36c9-9546-56dcb8407b19/microsoft-stock-jumps-after.html,Barrons.com,2023-10-26
76,Dow Jones Falls As Johnson Becomes House Speaker; Meta Rises After Earnings Report,The Dow Jones fell as Mike Johnson became House Speaker; GOOGL fell on earnings; Microsoft rose on Azure revenues. META is on deck.,https://finance.yahoo.com/m/17683cac-60e2-3ece-a599-eaa4c7bd2875/dow-jones-falls-as-johnson.html,Investor's Business Daily,2023-10-26
77,"These Stocks Moved the Most Today: Alphabet, Microsoft, SunPower, PayPal, Texas Instruments, WM, Stride, and More","Google Cloud revenue misses forecasts, fiscal first-quarter revenue at Microsoft's Azure cloud business rises 29%, and SunPower slumps after saying it will be restating results.",https://finance.yahoo.com/m/5ade3097-0df0-310b-8921-29ababfdfdcc/these-stocks-moved-the-most.html,Barrons.com,2023-10-26
78,Microsoft's Earnings Report Ticked All The Right Boxes As It Continues To Fortify Its AI Leadership,"When Microsoft Corporation (NASDAQ: MSFT) entered in a multibillion relationship with OpenAI, it made quite a wager that AI will change the way we work. With its latest quarterly results, that wager seems to be paying off already as the tech giant is rapidly infusing AI across its offerings and consequently, business processes with the result of increased productivity. When it reported its previous quarter, Microsoft dropped a bunch of well-known companies using its AI services, such as Airbnb I",https://finance.yahoo.com/news/microsofts-earnings-report-ticked-boxes-201410551.html,Benzinga,2023-10-26
79,ServiceNow Cites ‘Tailwind’ From AI as Earnings Surprise Wall Street,"The results come after Microsoft reported strong growth in its cloud-computing business, partly because of a better-than-expected contribution from AI workloads.",https://finance.yahoo.com/m/30c0ccfb-61ab-3148-8055-2299570bafa2/servicenow-cites-%E2%80%98tailwind%E2%80%99.html,Barrons.com,2023-10-26
80,Stock Market Today: Nasdaq Enters Correction Territory After Alphabet Earnings,Solid results from Microsoft weren't enough to offset substantial post-earnings losses from fellow mega-cap stock Alphabet.,https://finance.yahoo.com/news/stock-market-today-nasdaq-enters-201035200.html,Kiplinger,2023-10-26
81,Alphabet Plummets Most Since 2020 After Cloud Earnings Shortfall,"(Bloomberg) -- Alphabet Inc. shares tumbled 9.5%, the most since March 2020, after the Google parent reported a smaller than expected profit in cloud computing, raising concerns about its position in a market critical to its future. Most Read from BloombergControversial Chip in Huawei Phone Produced on ASML MachineApple Plans AirPods Overhaul With New Low- and High-End Models, USB-C HeadphonesIsrael Is Losing Support as Fury Grows Over Its Strikes on GazaTrump Ally Mike Johnson Elected House Spe",https://finance.yahoo.com/news/alphabet-plummets-most-since-2020-200926687.html,Bloomberg,2023-10-26
82,"Microsoft and Alphabet stocks diverge on cloud revenue, AI","Microsoft (MSFT) pleased investors with its AI-driven boost in cloud revenue, while Alphabet (GOOG, GOOGL) disappointed and reported a miss on cloud revenue estimates. Yahoo Finance’s Josh Schafer reports on how these figures are pushing Big Tech companies to show that AI is driving real sales amid broader uncertainty. Click here to watch the full interview on the Yahoo Finance YouTube page or you can watch this full episode of Yahoo Finance Live here.",https://finance.yahoo.com/video/microsoft-alphabet-stocks-diverge-cloud-200344437.html,Yahoo Finance Video,2023-10-26
83,"Stock Picks: Two to buy, One to sell",Stocks have experienced a 9% sell-off since July.Improving manufacturing activity makes this sector intriguing.Picking up this large-cap technology stock could pay off.This big financial stock is still too risky. The stock market doesn't rise or fall in a straight line. It feels like it's testing ...,https://finance.yahoo.com/m/a14166ce-348d-3e43-8471-b71d230abed1/stock-picks-two-to-buy-one.html,TheStreet.com,2023-10-26
84,"Why C3.ai, Salesforce, and Datadog Were Down Big Today","Shares of cloud and artificial intelligence (AI)-related software stocks C3.ai (NYSE: AI), Salesforce (NYSE: CRM), and Datadog (NASDAQ: DDOG) were plunging today, down 6%, 3.6%, and 6.5%, respectively, as of 3:03 p.m. ET.  While Microsoft's Azure revenue was strong, accelerating to 29% growth relative to the 26% growth from the prior quarter, Alphabet's Google Cloud growth decelerated markedly to 22.5% growth from 28% in the prior quarter.",https://finance.yahoo.com/m/057fef3c-79f3-38c6-86d2-6e78ae2caac9/why-c3-ai-salesforce-and.html,Motley Fool,2023-10-26
85,"Stock Market Today: Stocks slump, tech hammered as Treasury yield rise mutes earnings boost",Tech stocks are facing their biggest pullback of the year Wednesday following weaker-than-expected earnings from Google and another surge higher in Treasury bond yields.,https://finance.yahoo.com/m/3c957692-e1e0-3181-8b63-ff418f008637/stock-market-today-stocks.html,TheStreet.com,2023-10-26
86,Microsoft gains $70 billion and Alphabet loses more than twice as much as Satya Nadella steals Sundar Pichai’s thunder on AI,Microsoft's market value soared while Alphabet's tumbled after earnings on Tuesday told different stories about their cloud businesses and potential AI might.,https://finance.yahoo.com/news/microsoft-gains-70-billion-alphabet-192443076.html,Fortune,2023-10-26
87,It’s a Terrible Day for Tech. Why a Chip Stock Is to Blame.,"Three of tech’s biggest names reported earnings Tuesday evening and the sector fell hard on Wednesday.  While Microsoft surprised to the upside, Google’s cloud revenue came in below Wall Street estimates, sending that stock more than 9% lower by Wednesday afternoon.  Chipmaker Texas Instruments’ latest outlook was bleak.",https://finance.yahoo.com/m/39c3cae9-2049-3b30-b506-071ebacb26ad/it%E2%80%99s-a-terrible-day-for-tech-.html,Barrons.com,2023-10-26
88,GLOBAL MARKETS-Stocks struggle as soft earnings compound interest rate headache,"Stocks slipped on Wednesday after the latest round of earnings prompted concern among investors over the economic outlook, adding to the angst over painfully high interest rates, while benchmark U.S. Treasury yields and the dollar ticked up.  Weighing on the indexes were shares in Alphabet, which fell 9.5% after the company reported another slowdown in its cloud business, while Microsoft shares rose 2.9% after it beat estimates.  ""Tech earnings got off to a mixed start last night thanks to a focus on cloud computing, one of the big money spinners for the sector,"" Chris Beauchamp, IG Group chief market analyst, said.",https://finance.yahoo.com/news/global-markets-stocks-struggle-soft-183925953.html,Reuters,2023-10-26
89,"Google's Cloud Disappointed, Microsoft's Impressed. What's In Store For Amazon?","Microsoft stock gained on a cloud revenue boost, Google's fell after a cloud miss. What are the expectations for AMZN stock?",https://finance.yahoo.com/m/59b60d48-6278-31eb-a943-fb74c0c81a4a/google-s-cloud-disappointed-.html,Investor's Business Daily,2023-10-26
90,Microsoft Shares Jump as Cloud Revenue Boosts Earnings,Microsoft Corp.'s fiscal first-quarter earnings showed a surprise improvement in its Azure cloud segment.,https://finance.yahoo.com/m/1aaa2855-ef67-3c41-9c9e-4c7914e88218/microsoft-shares-jump-as.html,Investopedia,2023-10-26
91,Microsoft's and Google’s earnings tell a tale of two clouds,Microsoft and Google told two different stories about their cloud businesses during their earnings calls on Tuesday.,https://finance.yahoo.com/news/microsofts-and-googles-earnings-tell-a-tale-of-two-clouds-180247011.html,Yahoo Finance,2023-10-26
92,Third-quarter US earnings estimate improves slightly -LSEG,"The estimate for U.S. third-quarter earnings has improved slightly this week, with more S&P 500 companies including Microsoft reporting stronger-than-expected results.  With results in from 146 of the S&P 500 companies, overall S&P 500 earnings are now estimated to have increased 2.6% in the third quarter from a year ago, according to LSEG IBES data Wednesday.  That was up from an estimate on Tuesday for an increase of 1.7%.",https://finance.yahoo.com/news/third-quarter-us-earnings-estimate-174918316.html,Reuters,2023-10-26
93,Microsoft Stock Rallies on Strong Earnings and Rising Cloud Demand,"Microsoft shares rose after the software titan issued results that beat Wall Street estimates, amid strengthening demand for its cloud-computing services. **Here is what the company reported late Tuesday, compared with consensus forecasts from FactSet**: + Revenue of $56.",https://finance.yahoo.com/m/1eae00b4-ba35-3360-b821-17a7f797b0f2/microsoft-stock-rallies-on.html,The Wall Street Journal,2023-10-26
94,"[video]VIDEO: Your Top Questions Answered on Panic Points, the Ozempic Effect and More","In today's Action Alerts PLUS Rundown, Chris Versace answers your top questions on panic points, the ""Ozempic effect,"" and much more.  Chris Versace and I are now back once again to answer some of your biggest questions of the week.  CHRIS VERSACE: I was just going to say, always happy to be with you on Wednesdays, always happy to tackle member questions.",https://finance.yahoo.com/m/bb7662d4-49ce-3e36-933a-a60e70831f04/-video-video-your-top.html,TheStreet.com,2023-10-26
95,Alphabet Stock’s First Downgrade Rolls in After Disappointing Cloud Results,"Alphabet  is coming under intense selling pressure Wednesday as Wall Street punishes the stock for disappointing third-quarter growth in the company’s cloud computing business.  Alphabet shares dived almost 9% to $126.36 in recent trading.  Overall third-quarter results at Alphabet (ticker: GOOGL) were fine, with both revenue and profits exceeding Street estimates.",https://finance.yahoo.com/m/d18213f6-afc3-33b5-a503-4c573c1b9da0/alphabet-stock%E2%80%99s-first.html,Barrons.com,2023-10-26
96,"US STOCKS-Nasdaq, S&P 500 fall as Alphabet slumps","The tech-heavy Nasdaq and the S&P 500 dropped on Wednesday as Alphabet slumped after its cloud division missed revenue estimates, while other mega-cap stocks were also pressured by rising U.S. Treasury yields.  Google-parent Alphabet slid 9.1% to a three-month low, as its cloud business crawled to its slowest growth in at least 11 quarters.",https://finance.yahoo.com/news/us-stocks-nasdaq-p-500-165832706.html,Reuters,2023-10-26
97,Microsoft-Activision deal expected to boost Xbox sales,"Earlier this month, Microsoft (MSFT) completed its $69 billion acquisition of video game company Activision Blizzard (ATVI). The tech giant reported mixed results for its gaming segments in its fiscal first-quarter earnings on Wednesday— gaming hardware revenue declined, but content/services and overall gaming revenues increased. Yahoo Finance’s Dan Howley explains the extensive gaming portfolio Microsoft will gain in marketing its Xbox platform, including popular franchises like Call of Duty. For more expert insight and the latest market action, click here to watch this full episode of Yahoo Finance Live.",https://finance.yahoo.com/video/microsoft-activision-deal-expected-boost-163739233.html,Yahoo Finance Video,2023-10-26
98,The Nasdaq Is on Pace to Enter Correction Territory,"The Nasdaq Composite was on track to enter a correction on Wednesday after the first wave of big tech earnings failed to reassure traders concerned about rising bond yields.  The Nasdaq Composite was down 1.8% to 12,898.46 in Wednesday afternoon trading.  The Nasdaq would enter a correction if it closed below 12,922.216, which is 10% below its recent high of 14,358.02 set on July 19.",https://finance.yahoo.com/m/a1c3b5c8-647a-3ffd-8453-6fc3b623fa26/the-nasdaq-is-on-pace-to.html,Barrons.com,2023-10-26
99,"Microsoft took a chance by igniting the AI race, but it seems to be working out well for the company","The lesson from Microsoft's strong AI-fueled quarterly financial results is likely to push other companies to charge ahead on AI products, for better or for worse.",https://finance.yahoo.com/news/microsoft-took-chance-igniting-ai-163255588.html,Fortune,2023-10-26
100,Why Alphabet Stock Crashed Wednesday Morning,"Google's parent company delivered strong results, but weakness in one area gave investors pause.",https://finance.yahoo.com/m/aa851008-adc2-33f7-b41d-61608b3a6f39/why-alphabet-stock-crashed.html,Motley Fool,2023-10-26
101,Alphabet Shares Tank On Cloud Earnings Miss But Analysts Say Investors Needn't Worry,"Shares of Google parent Alphabet tumbled more than 9% in intraday trading Wednesday after the tech giant's cloud revenue fell short of expectations in the third quarter, but analysts say investors needn't worry.",https://finance.yahoo.com/m/22d89aee-6d0f-3db0-8cf4-7479eb0effbf/alphabet-shares-tank-on-cloud.html,Investopedia,2023-10-26
102,"Stock Market Today: Dow ends lower on drag from Google, Boeing; yields resume rise","Investing.com -- The Dow fell Wednesday, pressured by rising Treasury yields and Alphabet-led weakness in tech following disappointing quarterly results in its cloud business.",https://finance.yahoo.com/news/stock-market-today-dow-ends-161713146.html,Investing.com,2023-10-26
103,Markets Mixed at Midday as Google Parent Alphabet Drags Down Tech Sector,"U.S. equities were mixed at midday on Wednesday, Oct. 25, 2023, as the tech sector lost ground after Google parent Alphabet reported lower-than-expected cloud revenue.",https://finance.yahoo.com/m/98833cdf-6b62-3992-bf4c-2c05f31e5227/markets-mixed-at-midday-as.html,Investopedia,2023-10-26
104,All Hail Microsoft CEO Satya Nadella as Earnings Explode: Here's the Trade,"On Tuesday afternoon, two charter members of the ""Magnificent Seven"" went to the tape with their quarterly financial results.  From Redmond, Washington... Microsoft  released the firm's fiscal first quarter data.  This is that story, obviously from the view of a Microsoft shareholder.",https://finance.yahoo.com/m/c73437d3-5a30-32ac-a24e-52d068aa3ca7/all-hail-microsoft-ceo-satya.html,TheStreet.com,2023-10-25
105,12 Best Long-Term Investments for a Child,"In this article, we will take a look at the 12 best long-term investments for a child. To skip our detailed discussion on investment plans for kids and the importance of long-term investment horizon, click 5 Best Long-Term Investments for a Child. “My dad was my greatest inspiration. What I learned at an early age […]",https://finance.yahoo.com/news/12-best-long-term-investments-152616994.html,Insider Monkey,2023-10-25
106,"Nasdaq set for worst day of losses since February amid Google slump, rising yields",Investing.com -- The Nasdaq slumped Wednesday to remain on course for its worst day of losses since February amid pressure from rising Treasury yields and Alphabet-led weakness in tech following disappointing quarterly results in its cloud business.,https://finance.yahoo.com/news/nasdaq-set-worst-day-losses-152605353.html,Investing.com,2023-10-25
107,Why Microsoft Stock Was in Rally Mode on Wednesday,The tech giant dispelled fears of cloud computing weakness and got a bump from artificial intelligence (AI).,https://finance.yahoo.com/m/92304111-2331-3a1f-ad59-2867732190f7/why-microsoft-stock-was-in.html,Motley Fool,2023-10-25
108,"Microsoft earnings harness AI power as Azure cloud gains, outlook impress",Microsoft's first-mover advantage in AI looks to be paying dividends as cloud growth topped Street forecasts and powered the tech giant to better-than-expected first quarter earnings.,https://finance.yahoo.com/m/8edb92d1-263b-361e-bb27-fa09c54f5139/microsoft-earnings-harness-ai.html,TheStreet.com,2023-10-25
109,Why Alphabet Looks Like a More 'Magnificent' Buy Than Microsoft Right Now,"This is classic bear market action again, with many stocks being sold regardless of individual merit.",https://finance.yahoo.com/m/49fbd84b-2cca-3190-81e7-bec1e6aa976d/why-alphabet-looks-like-a.html,TheStreet.com,2023-10-25
110,AI is driving divergent paths for big tech stocks,Microsoft's stock rose while Google's fell after the companies reported Q3 earnings. AI is driving the difference in narratives.,https://finance.yahoo.com/news/ai-is-driving-divergent-paths-for-big-tech-stocks-144715957.html,Yahoo Finance,2023-10-25
111,Microsoft (MSFT) Q1 Earnings & Revenues Beat on Cloud Strength,"Microsoft's (MSFT) first-quarter fiscal 2024 results reflect strength in the Azure business and Office 365, powered by the growing AI business.",https://finance.yahoo.com/news/microsoft-msft-q1-earnings-revenues-144700999.html,Zacks,2023-10-25
112,Google Lost Market Share to Microsoft. How AI Is Changing Big Tech Competition.,Microsoft’s Azure impressed where Google Cloud disappointed and the reason behind the divergence looks to be in artificial intelligence.,https://finance.yahoo.com/m/c27e1fd4-b9fc-319d-bcff-6b1cc22cde2a/google-lost-market-share-to.html,Barrons.com,2023-10-25
113,"Microsoft stock jumps after revenue, earnings beats",Microsoft stock rose after the tech giant's quarterly earnings beat on the top and bottom lines.,https://finance.yahoo.com/news/microsoft-stock-jumps-after-revenue-earnings-beats-200428078.html,Yahoo Finance,2023-10-25
114,"Stocks to Watch Wednesday: Alphabet, Microsoft, Boeing, T-Mobile, ADP","**↘️** [**Alphabet (GOOGL)**](https://www.wsj.com/market-data/quotes/GOOGL), [**(GOOG)**](https://www.wsj.com/market-data/quotes/GOOG): Shares of Google's parent company tumbled in early trading after the tech giant reported disappointing sales growth in its [cloud business](https://www.",https://finance.yahoo.com/m/41ec511e-9513-3168-9fa6-96472aed15d5/stocks-to-watch-wednesday-.html,The Wall Street Journal,2023-10-25
115,"Dow Jones Falls Ahead Of Powell Speech; Alphabet Dives On Earnings, Meta Results Next","The Dow Jones dropped Wednesday ahead of Fed Chair Powell's afternoon speech. Alphabet dived on earnings, while Meta results are next.",https://finance.yahoo.com/m/3e283587-9e23-3d23-aad1-7822d7cfc83d/dow-jones-falls-ahead-of.html,Investor's Business Daily,2023-10-25
116,Palantir Investors May Have Reasons to Cheer Beyond Artificial Intelligence (AI),"One of the hottest stocks in the technology arena is data analytics and artificial intelligence (AI) specialist Palantir (NYSE: PLTR).  While the company is experiencing unprecedented demand for its generative AI applications, Palantir quietly just announced another potential catalyst.  Earlier this month, Palantir gave investors a preview of its foray into virtual reality (VR) through such products as Palantir Mixed Reality.",https://finance.yahoo.com/m/517aa9a2-85ea-3c67-ac7b-5ce49f92042d/palantir-investors-may-have.html,Motley Fool,2023-10-25
117,Our Take on Microsoft's Earnings Results,We're very interested in the expected synergies and cost savings to come about as MSFT integrates Activision.,https://finance.yahoo.com/m/5fa4f3cc-db53-3ccc-bd07-b4631f0e1eaa/our-take-on-microsoft-s.html,TheStreet.com,2023-10-25
118,Microsoft Corporation (NASDAQ:MSFT) Q1 2024 Earnings Call Transcript,"Microsoft Corporation (NASDAQ:MSFT) Q1 2024 Earnings Call Transcript October 24, 2023 Microsoft Corporation beats earnings expectations. Reported EPS is $2.99, expectations were $2.65. Operator: Greetings, and welcome to the Microsoft Fiscal Year 2024 First Quarter Earnings Conference Call. At this time, all participants are in a listen-only mode. A question-and-answer session will follow the formal […]",https://finance.yahoo.com/news/microsoft-corporation-nasdaq-msft-q1-141014069.html,Insider Monkey,2023-10-25
119,1 Downside to Rising Tech Valuations Investors Should Be Aware Of,Market-cap-weighted funds run the risk of becoming too concentrated as the valuations of their top holdings increase.,https://finance.yahoo.com/m/aaa277af-e4ec-3fbf-bfef-a396ad84124e/1-downside-to-rising-tech.html,Motley Fool,2023-10-25
120,Stocks Fall After Big Tech Earnings,"Stocks fell shortly after the market opened on Wednesday as investors reacted to the first wave of big tech earnings reports. The Dow Jones Industrial Average was down 116 points, or 0.4%. The S&P 500 was down 1%.",https://finance.yahoo.com/m/ceb6acd1-255e-3671-92f2-5e648d8c3237/stocks-fall-after-big-tech.html,Barrons.com,2023-10-25
121,ETFs to Buy on Solid AI-Fueled Microsoft Q1 Earnings,"Microsoft posts strongest sales growth in six quarters, driven by higher demand for its cloud computing services.",https://finance.yahoo.com/news/etfs-buy-solid-ai-fueled-140500479.html,Zacks,2023-10-25
122,Top analyst says this CEO is the most impactful tech exec since Steve Jobs,Microsoft and Google reported strong earnings beats after the bell Tuesday. The results have investors and analysts largely feeling pretty good.,https://finance.yahoo.com/m/9bc4b8fb-8131-3eca-a157-7b7f62b39e9e/top-analyst-says-this-ceo-is.html,TheStreet.com,2023-10-25
123,Microsoft 'in a league of its own': Analyst,"Microsoft's (MSFT) fiscal first quarter results beat analyst estimates and caused the stock to pop. RBC Capital Markets Software Equity Analyst Rishi Jaluria joins Yahoo Finance Live to weigh in on what Microsoft appears to be doing right. Jaluria notes Microsoft's early adoption of AI as a factor in Microsoft’s separation from the rest—""Microsoft is in a league of its own when it comes to enterprise software, when it comes to tech."" Jaluria goes on to say that ""the pace of innovation and the rate at which they've been able to integrate and infuse AI throughout their entire product suite, I think, is surprising all of us, and that is starting to show up in the numbers."" Watch the video above to hear what Jaluria has to say about what Microsoft's results may reveal about the broader tech environment. Click here to watch the full interview on the Yahoo Finance YouTube page or you can watch this full episode of Yahoo Finance Live here.",https://finance.yahoo.com/video/microsoft-league-own-analyst-140038731.html,Yahoo Finance Video,2023-10-25
124,Apple 'Scary Fast' event preview: Everything we know so far,"TheStreet's J.D. Durkin brings the latest business headlines from the floor of the New York Stock Exchange as markets open for trading Wednesday, October 24.  Apple's first iteration of the chip, the M1, was launched in 2020 - with the M2 making its first appearance last year.",https://finance.yahoo.com/m/881a9467-c217-33a1-9f29-b9cb58b8d3be/apple-scary-fast-event.html,TheStreet.com,2023-10-25
125,"US STOCKS-S&P 500, Nasdaq dip as Alphabet slides","The Nasdaq and the S&P 500 slipped on Wednesday as tech giant Alphabet slumped after its cloud division missed revenue estimates, while post-earnings gains in Microsoft and Boeing helped lift the Dow.  Google-parent Alphabet slid 8.6% to a three-month low as its cloud business crawled to its slowest growth in at least 11 quarters.",https://finance.yahoo.com/news/us-stocks-p-500-nasdaq-135432224.html,Reuters,2023-10-25
126,The Dow Is Holding Up Because It Has Microsoft and Not Alphabet,"The Dow Jones Industrial Average was outperforming the S&P 500 on Wednesday, in part because it includes Microsoft and not Alphabet.  The Dow was up 65 points or 0.2% shortly after the market opened on Wednesday.  Microsoft stock, with a gain of 3.9%, was contributing 83.77 points to the Dow, according to Dow Jones Market Data.",https://finance.yahoo.com/m/6d52c8c0-a9e1-342a-86eb-1c2e25ba3cce/the-dow-is-holding-up-because.html,Barrons.com,2023-10-25
127,Q1 2024 Microsoft Corp Earnings Call,Q1 2024 Microsoft Corp Earnings Call,https://finance.yahoo.com/news/q1-2024-microsoft-corp-earnings-135036788.html,Thomson Reuters StreetEvents,2023-10-25
128,Is Google losing the AI-cloud battle to Microsoft?,"Major tech companies Microsoft (MSFT) and Alphabet (GOOG, GOOGL) have invested heavily in artificial intelligence, which is having different impacts on their cloud businesses. Microsoft — owning a 49% stake in ChatGPT — has been integrating AI capabilities into its Azure cloud platform. This focus helped Azure revenue grow 29% in its latest quarter. In contrast, Google's cloud business did not see the same AI-driven boost, despite Google being a leader in AI research. Yahoo Finance Tech Editor Dan Howley discusses the growing reliance on AI in tech companies, outlining investor concerns that Google could be falling behind Microsoft in this regard. For more expert insight and the latest market action, click here to watch this full episode of Yahoo Finance Live.",https://finance.yahoo.com/video/google-losing-ai-cloud-battle-135017963.html,Yahoo Finance Video,2023-10-25
129,"Midday movers:  Microsoft, Alphabet, Boeing and more",Investing.com -- U.S. stocks weakened on Wednesday as the tech sector was weighed down by Alphabet's disappointing revenue gains from cloud computing.,https://finance.yahoo.com/news/microsoft-boeing-t-mobile-us-074652677.html,Investing.com,2023-10-25
130,Microsoft Gains After Cloud Growth Drove Revenue Surge,"(Bloomberg) -- Microsoft Corp. share were on track for their biggest gain in three months after it reported strong sales, bolstered by recovering cloud-computing growth amid demand for new artificial intelligence products.Most Read from BloombergIsrael Latest: Air Force Drops Leaflets Urging Hamas SurrenderCanada Plans College Crackdown Amid Foreign Student TroublesIsrael Warns of ‘Long’ War as Invasion of Gaza Strip BeginsGM Hit With More Strikes While Stellantis Reaches Deal With UAWHow This I",https://finance.yahoo.com/news/microsoft-sales-top-estimates-cloud-211538479.html,Bloomberg,2023-10-25
131,"Alphabet and Microsoft: Why Is One Down, While The Other Is Soaring?","In this video, I will talk about the two tech giants Alphabet (NASDAQ: GOOGL) (NASDAQ: GOOG) and Microsoft (NASDAQ: MSFT), their recent earnings reports, especially why Alphabet stock is down, and why Microsoft's is up.",https://finance.yahoo.com/m/d5fd3002-9362-38a2-887f-4705ec90c0ab/alphabet-and-microsoft-why.html,Motley Fool,2023-10-25
132,Surging Yields Flip From Burden to Boon in Big Tech Earnings,"(Bloomberg) -- Amid a rocky earnings season for giant companies, cash-rich megacap tech stocks have found an unlikely friend: soaring yields in fixed-income markets.Most Read from BloombergControversial Chip in Huawei Phone Produced on ASML MachineTrump Signals Support for Johnson’s Bid to Become House SpeakerTech-Heavy ETF Up in Late Hours as Meta Rallies: Markets WrapChina Developer Country Garden Deemed in Default on Dollar Bond for First TimeTrump Ally Mike Johnson Elected House Speaker, Shi",https://finance.yahoo.com/news/surging-yields-flip-burden-boon-130308086.html,Bloomberg,2023-10-25
133,"CentML lands $27M from Nvidia, others to make AI models run more efficiently","Contrary to what you might've heard, the era of large seed rounds isn't over -- at least in the AI sector. CentML, a startup developing tools to decrease the cost -- and improve the performance -- of deploying machine learning models, this morning announced that it raised $27 million in an extended seed round with participation from Gradient Ventures, TR Ventures, Nvidia and Microsoft Azure AI VP Misha Bilenko. CentML initially closed its seed round in 2022, but extended the round over the last",https://finance.yahoo.com/news/centml-lands-27m-nvidia-others-130049045.html,TechCrunch,2023-10-25
134,These 2 Stocks Are Giving the Dow Jones Industrials a Lift,"It has been pretty rare for the Dow Jones Industrial Average (DJINDICES: ^DJI) to take a leadership role in the stock market lately.  Many investors have focused instead on major market benchmarks with more of a concentration in high-growth stocks rather than the tried-and-true, mature businesses that make up the 30 constituents of the Dow.  On Wednesday morning, though, the Dow looked as if it were on pace to outperform its peer stock indexes.",https://finance.yahoo.com/m/0f9222d3-0522-313a-92b0-34cfb458b719/these-2-stocks-are-giving-the.html,Motley Fool,2023-10-25
135,"Dow Jones Futures: Microsoft, Google Are Big Earnings Movers After S&P 500 Regains Key Level",The S&P 500 regained its 200-day line Tuesday as a market rally attempt gets started. Microsoft and Google led earnings movers late.,https://finance.yahoo.com/m/2b4379f6-650c-33f6-b0b2-68c689abc76e/dow-jones-futures-microsoft-.html,Investor's Business Daily,2023-10-25
136,"Everything Microsoft Was, Alphabet Was Not","There will be a lot of excitement around Microsoft  Wednesday morning.  While Microsoft's AI focus has received all the attention lately, the company's cloud business reported stronger-than-expected growth.  Most of them echoed the sentiment that Microsoft is getting deeply involved in the sector and working to help smaller companies rather than crush them.",https://finance.yahoo.com/m/4f480d2a-1081-34eb-bf1a-ac8e5c24e0cb/everything-microsoft-was-.html,TheStreet.com,2023-10-25
137,Stock Futures Wobble After Big Tech Earnings. Meta Comes Next.,"U.S. stock futures were mixed on Wednesday with earnings from technology giants—which are weighted heavily in the major indexes—in focus.  After Microsoft and Alphabet reported late Tuesday, results from Meta Platforms are due in the day ahead.  S&P 500 futures fell 0.3%, with contracts tracking the tech-heavy Nasdaq down 0.5%.",https://finance.yahoo.com/m/9d9955f6-8c97-3739-8382-b30bdc2202f1/stock-futures-wobble-after.html,Barrons.com,2023-10-25
138,Big Tech earnings can make or break this market,"In an unstable economic climate marked by geopolitical unrest, concerns about the Federal Reserve and soaring Treasury yields, investors are closely watching this week’s Big Tech earnings for clues about where the volatile stock market may head next.",https://finance.yahoo.com/news/big-tech-earnings-break-market-115644677.html,CNN Business,2023-10-25
139,"U.S. stocks are mixed, with weakness in tech on Alphabet's cloud revenue miss","U.S. stocks are mixed, with weakness in the tech sector after Alphabet (NASDAQ:GOOGL) reported lower than expected revenue from its cloud business, while Microsoft beat expectations.  At 11:47 ET (15:47 GMT), the Dow Jones Industrial Average was up 121 points or 0.4%, while the S&P 500 was down 0.8% and the NASDAQ Composite was down 1.6%.  The main indices on Wall Street closed higher Tuesday, as U.S. Treasury yields eased off their Monday highs, helping to reduce the pressure on the tech sector, in particular.",https://finance.yahoo.com/news/dow-futures-tick-higher-microsoft-190603287.html,Investing.com,2023-10-25
140,"Microsoft, OpenAI-backed AI safety forum names first director, plans advisory board","The Frontier Model Forum also said it created a fund to back research into the technology, with initial funding commitments of more than $10 million from its backers and partners.  It said its first-ever director would be Chris Meserole, who most recently served as director of AI and emerging technology initiative at the Brookings Institution, a Washington-based think tank.  The Frontier Model Forum is backed by ChatGPT-owner OpenAI, Microsoft, Google's parent Alphabet and AI startup Anthropic.",https://finance.yahoo.com/news/microsoft-openai-backed-ai-safety-113536607.html,Reuters,2023-10-25
141,5 Things to Know Before Markets Open,Shares of Google parent Alphabet fell after the search giant’s cloud revenues came in lower than expected and Microsoft shares pushed higher after it was able to grow its Azure cloud business. Here’s what investors need to know today.,https://finance.yahoo.com/m/508a607c-b670-38aa-9993-61cbd4de8ace/5-things-to-know-before.html,Investopedia,2023-10-25
142,Top 15 Tech Trends In 2023,"In this article, we will look at the top 15 tech trends in 2023. If you want to skip our detailed analysis of the global tech industry, you can go directly to the Top 5 Tech Trends in 2023. Today, technology is everywhere and it is evolving every day. Companies are working on new technologies […]",https://finance.yahoo.com/news/top-15-tech-trends-2023-112359699.html,Insider Monkey,2023-10-25
143,"Stocks mixed, Microsoft cloud drives gains, Google slumps, Visa impresses, Meta earnings on deck - 5 Things To Know","Five things you need to know before the market opens on Wednesday October 25:   1. -- Stock Market Today: Stocks mixed as Microsoft lifts Dow, Treasury yields mute gains  A mixed set of big tech earnings, alongside modestly higher Treasury yields, has stocks set for an uncertain open on Wednesday.",https://finance.yahoo.com/m/25d9650c-755a-34a8-b4dc-35936eeb8b5e/stocks-mixed-microsoft-cloud.html,TheStreet.com,2023-10-25
144,What Microsoft’s earnings tell us about AI and cloud trends,"The tech giant's latest earnings report is ""front and center for tech investors across the Street,"" according to Wedbush analyst Dan Ives.",https://finance.yahoo.com/news/microsoft-earnings-tell-us-ai-110458417.html,Fortune,2023-10-25
145,Are the Magnificent Seven Still Magnificent and Able to Drive the Market Higher?,Keep an eye on Alphabet and Microsoft today; they will tell us a lot about where the market is heading based on their divergent results after Tuesday's close.,https://finance.yahoo.com/m/cfa18e6f-c9d0-3220-b2e2-4984e387b18a/are-the-magnificent-seven.html,TheStreet.com,2023-10-25
146,"Microsoft, Alphabet Earnings Show Only This One Thing Matters for Big Tech","States sue Meta alleging harm to youth, General Motors withdraws full-year guidance, and other news to start your day.",https://finance.yahoo.com/m/30bc80f4-8547-3bcd-aa64-5a6b8660e27c/microsoft-alphabet-earnings.html,Barrons.com,2023-10-25
147,Alphabet shares sink as Microsoft extends cloud lead with focus on OpenAI,"(Reuters) -Alphabet shares slumped on Wednesday after its cloud unit's growth fell to near a three-year low, paling in comparison to Microsoft's relative success as the tech giants race to make money from generative artificial intelligence.  Shares of Alphabet fell 9.6% on Wednesday, compared with a healthy 2.8% gain in Microsoft, on investor worries that the Google parent could lose share in the cloud-computing market to Microsoft.  Cloud spending by businesses preparing to roll out AI features powered a rebound in growth for Microsoft's Azure platform in its first quarter.",https://finance.yahoo.com/news/microsoft-surpasses-alphabet-cloud-race-104459978.html,Reuters,2023-10-25
148,Microsoft Gets Another Leg Up on Google in AI Race,"Google’s cloud business is slowing and weighing on earnings, while Microsoft’s Azure is shaking off a slump.",https://finance.yahoo.com/m/806732c9-f370-39a0-876a-49fe007c9fdc/microsoft-gets-another-leg-up.html,The Wall Street Journal,2023-10-25
149,"US STOCKS-Nasdaq, S&P 500 futures fall as Alphabet leads retreat in mega-cap stocks","Nasdaq and S&P 500 futures fell on Wednesday, led by a slide in Alphabet on weak growth in its cloud division, while other mega-cap tech stocks also felt the pressure of rising U.S. Treasury yields and investors fretted over the Israel-Hamas conflict.  Google-parent Alphabet slid 6.6% in premarket trading as its cloud business crawled to its slowest growth in at least 11 quarters.  However, a rise in long-dated U.S. Treasury yields also pressured other mega-cap stocks.",https://finance.yahoo.com/news/us-stocks-nasdaq-p-500-095942703.html,Reuters,2023-10-25
150,30 Dying Professions to Avoid Like a Plague,"In this article, we will look at the 30 dying professions to avoid like a plague. We have also discussed the need for skill building and companies at the forefront of upskilling. If you want to skip our detailed analysis, head straight to the 10 Dying Professions to Avoid Like a Plague. Owing to the […]",https://finance.yahoo.com/news/30-dying-professions-avoid-plague-095702526.html,Insider Monkey,2023-10-25
151,"Alphabet stock falls as Q3 revenue and earnings beat, but cloud business falls short",Google parent Alphabet reported its Q3 earnings after the bell on Tuesday.,https://finance.yahoo.com/news/alphabet-q3-earnings-123119768.html,Yahoo Finance,2023-10-25
152,GLOBAL MARKETS-Stocks sag as disappointing earnings compound interest-rate headache,"Stocks wobbled on Wednesday after the latest round of earnings prompted concern among investors over the economic outlook, as even Google parent Alphabet disappointed, adding to the angst over painfully high interest rates.  Overnight, Asian stocks rose from 11-month lows as investors cheered China's approval of a trillion-yuan sovereign bond issue as a harbinger of stimulus, while the Australian dollar jumped after hotter-than-expected inflation lifted rate forecasts.  Over in Europe, the STOXX 600 fell 0.5%, after a near-50% slump in shares of Worldline after the French payments company cut its payment targets, as economic slowdown hit some of its key markets.",https://finance.yahoo.com/news/global-markets-stocks-sag-disappointing-083056009.html,Reuters,2023-10-25
153,GLOBAL MARKETS-Asian stocks recover on China spending plans; inflation jolts Aussie,"China helped Asian stocks rise from 11-month lows on Wednesday as investors cheered the approval of a trillion-yuan sovereign issue as a harbinger of stimulus, while the Aussie dollar jumped after hotter-than-expected inflation lifted rate forecasts.  MSCI's broadest index of Asia-Pacific shares outside Japan , which hit its lowest since last November on Tuesday, rose 0.6% and the Hang Seng climbed more than 1%.  Japan's Nikkei rose 1.2%.",https://finance.yahoo.com/news/global-markets-asian-stocks-recover-052034788.html,Reuters,2023-10-25
154,Microsoft gains as strong results outweigh cautious guidance; analysts remain very bullish,"Investing.com - Microsoft (NASDAQ:MSFT) reported fiscal first-quarter results that beat Wall Street estimates, driven by stronger growth in its cloud business Azure.",https://finance.yahoo.com/news/microsoft-q1-results-top-estimates-161615048.html,Investing.com,2023-10-25
155,"Microsoft, Alphabet, Chinese sovereign debt, Deutsche Bank - what's moving markets","Results from Microsoft and Alphabet (NASDAQ:GOOGL) receive differing reactions as quarterly earnings season continues with Meta Platforms and  IBM  due.  Beijing has decided to issue a substantial amount of sovereign debt to support the struggling Chinese economy, while results from  Deutsche Bank  come in ahead of expectations.",https://finance.yahoo.com/news/microsoft-alphabet-chinese-sovereign-debt-042814380.html,Investing.com,2023-10-25
156,Wall Street is demanding financial results that support all the AI hype. Microsoft’s latest earnings finally delivered,"Higher-than-expected AI consumption contributed to revenue growth, Microsoft CFO Amy Hood said during the company’s earnings call.",https://finance.yahoo.com/news/wall-street-demanding-financial-results-031607476.html,Fortune,2023-10-25
157,Microsoft (MSFT) Q1 2024 Earnings Call Transcript,"On the call with me are Satya Nadella, chairman and chief executive officer; Amy Hood, chief financial officer; Alice Jolla, chief accounting officer; and Keith Dolliver, corporate secretary and deputy general counsel.  On the Microsoft investor relations website, you can find our earnings press release and financial summary slide deck, which is intended to supplement our prepared remarks during today's call and provides a reconciliation of differences between GAAP and non-GAAP financial measures.  More detailed outlook slides will be available on the Microsoft investor relations website when we provide outlook commentary on today's call.",https://finance.yahoo.com/m/f14ce197-0777-3246-8cf4-94c476673e16/microsoft-msft-q1-2024.html,Motley Fool,2023-10-25
158,Microsoft: early investment in generative AI pays off,"Generative artificial intelligence is a data-intensive business.  The quickest and easiest way to scale up processing power is via cloud computing.  On Tuesday, Microsoft demonstrated just how strong global demand for compute power has become.",https://finance.yahoo.com/m/3485c432-6552-3c09-bc04-2f647e852c16/microsoft-early-investment.html,Financial Times,2023-10-25
159,Microsoft’s edge in AI pays off while Google tries to catch up in the cloud,"Microsoft received an unexpected financial boost from generative AI while Google struggled with sagging growth in a core part of its business as it ploughs money into the tech industry’s hottest new technology, according to quarterly results released on Tuesday.  The contrasting performance of two of the tech industry’s biggest arch-rivals underlined the early lead Microsoft has taken in the AI race that broke out after the launch of ChatGPT late last year.  Its shares rose 4 per cent on the earnings news, adding about $100bn to its stock market value, while Alphabet, Google’s parent, lost about $100bn in market capitalisation as its shares slid more than 6 per cent in after-hours trading.",https://finance.yahoo.com/m/a5b90a1a-786d-39ff-ad56-35ec37def225/microsoft%E2%80%99s-edge-in-ai-pays.html,Financial Times,2023-10-25
160,"Microsoft, Google post strong quarterly sales growth as Big Tech continues its comeback","Strong earnings reports for Alphabet, Microsoft and Snap come after a difficult 2022 when advertisers cut back on spending.",https://finance.yahoo.com/news/microsoft-google-post-strong-quarterly-235745896.html,CNN Business,2023-10-25
161,"Microsoft's AI bets boost cloud business, Alphabet yet to find silver lining",Microsoft's cloud business took off in the September quarter as long-time rival Alphabet's suffered.,https://finance.yahoo.com/news/microsofts-ai-bets-boost-cloud-235406606.html,Reuters,2023-10-25
162,"WRAPUP 1-Microsoft's AI bets boost cloud business, Alphabet yet to find silver lining","Google-parent Alphabet's cloud business suffered as long-time rival Microsoft's took off in the September quarter, demonstrating early signs that the Windows maker's investment in artificial intelligence was paying off.  Alphabet's shares fell 7% in after hours trading on Tuesday.",https://finance.yahoo.com/news/wrapup-1-microsofts-ai-bets-234800064.html,Reuters,2023-10-25
163,Microsoft Earnings Growth Accelerates on Stronger-Than-Expected Cloud Demand,Microsoft  sales growth accelerated last quarter as demand for its cloud computing services heated up amid growing enthusiasm about artificial intelligence.  The company reported Tuesday that its revenue grew 13% to $56.5 billion for the quarter through September.  The growth rate in Microsoft’s Azure cloud business was 29%.,https://finance.yahoo.com/m/ca2d5e36-a924-3d17-9356-1322d8e98c8a/microsoft-earnings-growth.html,The Wall Street Journal,2023-10-25
164,UPDATE 1-Qualcomm unveils new PC laptop chip with AI features for 2024,"Qualcomm on Tuesday gave details about a chip for Microsoft Windows-based laptops that it claims will be faster at some tasks than Apple's chips for Mac computers.  Qualcomm executives said the company's new Snapdragon Elite X chip will be available in laptops starting next year and has been redesigned to better handle artificial intelligence tasks like summarizing emails, writing text and generating images.  Those AI features will also factor into Qualcomm's chips for smartphones, with Alphabet's Google and Meta both saying Tuesday they plan to take advantage of them.",https://finance.yahoo.com/news/1-qualcomm-unveils-pc-laptop-231336275.html,Reuters,2023-10-25
165,"Big Earnings Beats for Microsoft, Visa, Snap & Others","Microsoft (MSFT) shares gained +4% on better-than-expected results, while Alphabet (GOOGL) sold off on a miss in its cloud business.",https://finance.yahoo.com/news/big-earnings-beats-microsoft-visa-222600479.html,Zacks,2023-10-25
166,Microsoft Trounces September-Quarter Goals On Cloud Computing Strength,Software leader Microsoft crushed Wall Street's targets for its fiscal first quarter thanks to strong cloud computing business.,https://finance.yahoo.com/m/58526e93-a9d6-33d9-99aa-5a4c29857d0f/microsoft-trounces.html,Investor's Business Daily,2023-10-25
167,"UPDATE 5-Google-parent Alphabet's cloud division misses revenue estimates, as Microsoft’s cloud booms","Google-parent Alphabet's cloud business crawled to its slowest in at least 11 quarters, sending the company's stock down 5.7% after hours, even as sales at rival Microsoft's cloud unit boomed.  The drop in Google’s share price despite beating Wall Street estimates for profit and sales, shows how much investors want the company to deliver gains in artificial intelligence, and show the cloud business remains competitive against a more powerful Azure from Microsoft and Amazon.com’s AWS.  Fears of a slowing global economy have prompted companies to curb spending on cloud-related services, including expensive AI tools, which has slowed revenue growth at Google's cloud unit to 22.5% in the third quarter, from 28% in the prior three-month period.",https://finance.yahoo.com/news/5-google-parent-alphabets-cloud-220048271.html,Reuters,2023-10-25
168,"Compared to Estimates, Microsoft (MSFT) Q1 Earnings: A Look at Key Metrics","The headline numbers for Microsoft (MSFT) give insight into how the company performed in the quarter ended September 2023, but it may be worthwhile to compare some of its key metrics to Wall Street estimates and the year-ago actuals.",https://finance.yahoo.com/news/compared-estimates-microsoft-msft-q1-220006932.html,Zacks,2023-10-25
169,Microsoft cloud growth demonstrating pivot to AI: Strategist,"Microsoft (MSFT) shares are popping after the tech giant reported a fiscal first-quarter earnings beat. Baird Technology Desk Sector Strategist Ted Mortonson joins Yahoo Finance Live to weigh in on the report and what direction Microsoft will be taking with its products and software. Mortonson says Microsoft's rebounding Azure cloud growth signals it's moving past optimization and leaning toward more aggressive ""investing in core generative AI"" capabilities. For more expert insight and the latest market action, click here to watch this full episode of Yahoo Finance Live.",https://finance.yahoo.com/video/microsoft-cloud-growth-demonstrating-pivot-215317063.html,Yahoo Finance Video,2023-10-25
